Id,Relation
id-0,child
id-1,child
id-2,child
id-3,child
id-4,child
id-5,mother
id-6,child
id-7,child
id-8,child
id-9,child
id-10,child
id-11,child
id-12,child
id-13,child
id-14,child
id-15,child
id-16,child
id-17,child
id-18,child
id-19,child
id-20,child
id-21,child
id-22,child
id-23,child
id-24,spouse
id-25,child
id-26,father
id-27,father
id-28,father
id-29,child
id-30,child
id-31,child
id-32,child
id-33,child
id-34,child
id-35,child
id-36,child
id-37,child
id-38,child
id-39,child
id-40,child
id-41,child
id-42,child
id-43,child
id-44,child
id-45,child
id-46,child
id-47,child
id-48,child
id-49,child
id-50,child
id-51,child
id-52,child
id-53,child
id-54,father
id-55,child
id-56,child
id-57,child
id-58,child
id-59,child
id-60,child
id-61,child
id-62,child
id-63,child
id-64,child
id-65,child
id-66,child
id-67,child
id-68,child
id-69,child
id-70,child
id-71,child
id-72,child
id-73,father
id-74,child
id-75,child
id-76,child
id-77,child
id-78,child
id-79,child
id-80,child
id-81,child
id-82,child
id-83,child
id-84,child
id-85,father
id-86,child
id-87,child
id-88,child
id-89,child
id-90,child
id-91,child
id-92,child
id-93,child
id-94,child
id-95,child
id-96,child
id-97,child
id-98,child
id-99,child
id-100,child
id-101,child
id-102,child
id-103,child
id-104,child
id-105,child
id-106,child
id-107,child
id-108,child
id-109,child
id-110,child
id-111,child
id-112,child
id-113,spouse
id-114,child
id-115,child
id-116,child
id-117,child
id-118,child
id-119,child
id-120,child
id-121,child
id-122,child
id-123,child
id-124,child
id-125,child
id-126,child
id-127,child
id-128,child
id-129,child
id-130,child
id-131,child
id-132,child
id-133,child
id-134,child
id-135,father
id-136,child
id-137,child
id-138,child
id-139,child
id-140,child
id-141,child
id-142,child
id-143,child
id-144,child
id-145,child
id-146,child
id-147,child
id-148,child
id-149,child
id-150,father
id-151,child
id-152,child
id-153,child
id-154,child
id-155,child
id-156,child
id-157,child
id-158,child
id-159,child
id-160,child
id-161,child
id-162,child
id-163,child
id-164,sibling
id-165,sibling
id-166,child
id-167,child
id-168,child
id-169,child
id-170,child
id-171,child
id-172,child
id-173,child
id-174,child
id-175,child
id-176,child
id-177,child
id-178,child
id-179,child
id-180,child
id-181,child
id-182,child
id-183,child
id-184,child
id-185,sibling
id-186,child
id-187,child
id-188,child
id-189,child
id-190,child
id-191,child
id-192,child
id-193,child
id-194,child
id-195,child
id-196,father
id-197,child
id-198,child
id-199,child
id-200,child
id-201,spouse
id-202,child
id-203,child
id-204,spouse
id-205,child
id-206,child
id-207,child
id-208,child
id-209,child
id-210,position_held
id-211,child
id-212,child
id-213,child
id-214,child
id-215,father
id-216,child
id-217,child
id-218,child
id-219,child
id-220,mother
id-221,child
id-222,child
id-223,child
id-224,child
id-225,child
id-226,father
id-227,child
id-228,child
id-229,child
id-230,child
id-231,child
id-232,child
id-233,child
id-234,sibling
id-235,child
id-236,child
id-237,child
id-238,child
id-239,capital
id-240,capital
id-241,capital
id-242,capital
id-243,capital
id-244,capital
id-245,capital
id-246,capital
id-247,capital
id-248,capital
id-249,capital
id-250,capital
id-251,capital
id-252,capital
id-253,capital
id-254,capital
id-255,capital
id-256,capital
id-257,capital_of
id-258,capital
id-259,capital
id-260,capital
id-261,capital
id-262,capital
id-263,capital
id-264,capital
id-265,capital
id-266,capital
id-267,capital
id-268,capital
id-269,capital
id-270,capital
id-271,capital
id-272,capital
id-273,capital
id-274,capital
id-275,capital
id-276,capital
id-277,capital
id-278,capital
id-279,capital
id-280,capital
id-281,capital
id-282,capital
id-283,capital
id-284,founded_by
id-285,capital
id-286,capital
id-287,capital
id-288,capital
id-289,capital
id-290,capital
id-291,capital
id-292,capital
id-293,capital
id-294,capital
id-295,capital
id-296,capital
id-297,capital
id-298,capital
id-299,capital
id-300,capital
id-301,capital
id-302,capital
id-303,capital
id-304,capital
id-305,capital
id-306,capital
id-307,capital
id-308,capital
id-309,capital
id-310,capital
id-311,capital
id-312,capital
id-313,capital
id-314,capital
id-315,capital
id-316,capital
id-317,capital
id-318,capital
id-319,capital
id-320,capital
id-321,capital
id-322,capital
id-323,capital
id-324,capital
id-325,capital
id-326,capital
id-327,capital
id-328,capital
id-329,capital
id-330,capital
id-331,capital
id-332,capital
id-333,capital
id-334,capital
id-335,capital
id-336,capital
id-337,capital
id-338,capital
id-339,capital
id-340,capital
id-341,capital
id-342,capital
id-343,capital
id-344,capital
id-345,capital
id-346,capital
id-347,spouse
id-348,spouse
id-349,spouse
id-350,spouse
id-351,father
id-352,spouse
id-353,spouse
id-354,spouse
id-355,spouse
id-356,spouse
id-357,spouse
id-358,spouse
id-359,spouse
id-360,spouse
id-361,spouse
id-362,spouse
id-363,spouse
id-364,mother
id-365,spouse
id-366,spouse
id-367,spouse
id-368,spouse
id-369,spouse
id-370,spouse
id-371,spouse
id-372,spouse
id-373,spouse
id-374,spouse
id-375,spouse
id-376,spouse
id-377,spouse
id-378,spouse
id-379,spouse
id-380,spouse
id-381,spouse
id-382,spouse
id-383,spouse
id-384,spouse
id-385,spouse
id-386,spouse
id-387,spouse
id-388,spouse
id-389,spouse
id-390,spouse
id-391,spouse
id-392,spouse
id-393,spouse
id-394,spouse
id-395,spouse
id-396,spouse
id-397,spouse
id-398,spouse
id-399,spouse
id-400,spouse
id-401,spouse
id-402,spouse
id-403,spouse
id-404,spouse
id-405,spouse
id-406,spouse
id-407,spouse
id-408,spouse
id-409,spouse
id-410,spouse
id-411,spouse
id-412,spouse
id-413,spouse
id-414,spouse
id-415,spouse
id-416,spouse
id-417,spouse
id-418,spouse
id-419,spouse
id-420,spouse
id-421,spouse
id-422,spouse
id-423,sibling
id-424,spouse
id-425,spouse
id-426,spouse
id-427,spouse
id-428,spouse
id-429,spouse
id-430,spouse
id-431,spouse
id-432,mother
id-433,spouse
id-434,spouse
id-435,spouse
id-436,spouse
id-437,spouse
id-438,spouse
id-439,spouse
id-440,spouse
id-441,spouse
id-442,spouse
id-443,spouse
id-444,spouse
id-445,spouse
id-446,spouse
id-447,spouse
id-448,spouse
id-449,spouse
id-450,spouse
id-451,spouse
id-452,spouse
id-453,spouse
id-454,sibling
id-455,spouse
id-456,spouse
id-457,spouse
id-458,spouse
id-459,spouse
id-460,spouse
id-461,spouse
id-462,spouse
id-463,father
id-464,spouse
id-465,spouse
id-466,spouse
id-467,spouse
id-468,spouse
id-469,spouse
id-470,spouse
id-471,spouse
id-472,spouse
id-473,director
id-474,spouse
id-475,spouse
id-476,spouse
id-477,spouse
id-478,spouse
id-479,spouse
id-480,spouse
id-481,spouse
id-482,spouse
id-483,spouse
id-484,spouse
id-485,spouse
id-486,spouse
id-487,spouse
id-488,spouse
id-489,spouse
id-490,spouse
id-491,spouse
id-492,spouse
id-493,spouse
id-494,spouse
id-495,spouse
id-496,spouse
id-497,spouse
id-498,father
id-499,spouse
id-500,spouse
id-501,spouse
id-502,spouse
id-503,spouse
id-504,spouse
id-505,spouse
id-506,spouse
id-507,spouse
id-508,spouse
id-509,spouse
id-510,spouse
id-511,child
id-512,spouse
id-513,spouse
id-514,sibling
id-515,spouse
id-516,spouse
id-517,spouse
id-518,spouse
id-519,spouse
id-520,father
id-521,founded_by
id-522,spouse
id-523,spouse
id-524,spouse
id-525,spouse
id-526,spouse
id-527,spouse
id-528,spouse
id-529,spouse
id-530,spouse
id-531,spouse
id-532,spouse
id-533,spouse
id-534,spouse
id-535,spouse
id-536,spouse
id-537,spouse
id-538,spouse
id-539,spouse
id-540,spouse
id-541,spouse
id-542,spouse
id-543,spouse
id-544,spouse
id-545,spouse
id-546,spouse
id-547,spouse
id-548,spouse
id-549,spouse
id-550,spouse
id-551,spouse
id-552,spouse
id-553,child
id-554,spouse
id-555,spouse
id-556,spouse
id-557,spouse
id-558,spouse
id-559,spouse
id-560,spouse
id-561,spouse
id-562,spouse
id-563,spouse
id-564,spouse
id-565,spouse
id-566,spouse
id-567,spouse
id-568,spouse
id-569,spouse
id-570,spouse
id-571,spouse
id-572,spouse
id-573,spouse
id-574,spouse
id-575,spouse
id-576,spouse
id-577,spouse
id-578,spouse
id-579,spouse
id-580,occupation
id-581,occupation
id-582,occupation
id-583,occupation
id-584,occupation
id-585,occupation
id-586,occupation
id-587,occupation
id-588,occupation
id-589,occupation
id-590,occupation
id-591,occupation
id-592,occupation
id-593,occupation
id-594,occupation
id-595,occupation
id-596,occupation
id-597,occupation
id-598,occupation
id-599,occupation
id-600,occupation
id-601,occupation
id-602,occupation
id-603,occupation
id-604,occupation
id-605,occupation
id-606,occupation
id-607,occupation
id-608,occupation
id-609,occupation
id-610,occupation
id-611,occupation
id-612,occupation
id-613,occupation
id-614,occupation
id-615,occupation
id-616,occupation
id-617,occupation
id-618,occupation
id-619,occupation
id-620,occupation
id-621,occupation
id-622,occupation
id-623,occupation
id-624,occupation
id-625,occupation
id-626,occupation
id-627,occupation
id-628,occupation
id-629,occupation
id-630,occupation
id-631,occupation
id-632,occupation
id-633,occupation
id-634,occupation
id-635,occupation
id-636,occupation
id-637,occupation
id-638,occupation
id-639,occupation
id-640,occupation
id-641,occupation
id-642,occupation
id-643,occupation
id-644,occupation
id-645,occupation
id-646,occupation
id-647,occupation
id-648,occupation
id-649,occupation
id-650,occupation
id-651,occupation
id-652,occupation
id-653,occupation
id-654,occupation
id-655,occupation
id-656,occupation
id-657,occupation
id-658,occupation
id-659,occupation
id-660,occupation
id-661,occupation
id-662,occupation
id-663,occupation
id-664,occupation
id-665,occupation
id-666,occupation
id-667,occupation
id-668,occupation
id-669,occupation
id-670,occupation
id-671,occupation
id-672,occupation
id-673,occupation
id-674,occupation
id-675,occupation
id-676,occupation
id-677,occupation
id-678,occupation
id-679,occupation
id-680,occupation
id-681,occupation
id-682,occupation
id-683,occupation
id-684,occupation
id-685,occupation
id-686,occupation
id-687,occupation
id-688,occupation
id-689,occupation
id-690,occupation
id-691,occupation
id-692,occupation
id-693,occupation
id-694,occupation
id-695,occupation
id-696,occupation
id-697,occupation
id-698,occupation
id-699,occupation
id-700,occupation
id-701,occupation
id-702,occupation
id-703,occupation
id-704,occupation
id-705,occupation
id-706,occupation
id-707,occupation
id-708,occupation
id-709,occupation
id-710,occupation
id-711,occupation
id-712,occupation
id-713,occupation
id-714,occupation
id-715,occupation
id-716,employer
id-717,student_of
id-718,student_of
id-719,student_of
id-720,student_of
id-721,student_of
id-722,student_of
id-723,student_of
id-724,student_of
id-725,student_of
id-726,student_of
id-727,student_of
id-728,student_of
id-729,student_of
id-730,student_of
id-731,student_of
id-732,student_of
id-733,student_of
id-734,student_of
id-735,student_of
id-736,student_of
id-737,student_of
id-738,student_of
id-739,student_of
id-740,student_of
id-741,student_of
id-742,student_of
id-743,student_of
id-744,student_of
id-745,student_of
id-746,student_of
id-747,student_of
id-748,student_of
id-749,student_of
id-750,student_of
id-751,student_of
id-752,student_of
id-753,student_of
id-754,student_of
id-755,student_of
id-756,student_of
id-757,student_of
id-758,student_of
id-759,mother
id-760,student_of
id-761,student_of
id-762,student_of
id-763,student_of
id-764,student_of
id-765,student_of
id-766,student_of
id-767,student_of
id-768,student_of
id-769,employer
id-770,student_of
id-771,student_of
id-772,student_of
id-773,student_of
id-774,student_of
id-775,student_of
id-776,student_of
id-777,student_of
id-778,student_of
id-779,sport
id-780,sport
id-781,sport
id-782,sport
id-783,sport
id-784,sport
id-785,sport
id-786,sport
id-787,sport
id-788,sport
id-789,sport
id-790,sport
id-791,sport
id-792,sport
id-793,sport
id-794,sport
id-795,sport
id-796,sport
id-797,sport
id-798,sport
id-799,sport
id-800,sport
id-801,sport
id-802,sport
id-803,sport
id-804,sport
id-805,sport
id-806,sport
id-807,sport
id-808,sport
id-809,sport
id-810,sport
id-811,sport
id-812,sport
id-813,sport
id-814,sport
id-815,sport
id-816,sport
id-817,sport
id-818,sport
id-819,sport
id-820,sport
id-821,sport
id-822,sport
id-823,sport
id-824,sport
id-825,sport
id-826,sport
id-827,sport
id-828,sport
id-829,sport
id-830,sport
id-831,sport
id-832,sport
id-833,sport
id-834,sport
id-835,sport
id-836,sport
id-837,sport
id-838,sport
id-839,sport
id-840,sport
id-841,sport
id-842,sport
id-843,sport
id-844,sport
id-845,sport
id-846,sport
id-847,sport
id-848,sport
id-849,sport
id-850,sport
id-851,sport
id-852,sport
id-853,sport
id-854,sport
id-855,sport
id-856,sport
id-857,sport
id-858,sport
id-859,sport
id-860,sport
id-861,sport
id-862,sport
id-863,sport
id-864,sport
id-865,sport
id-866,sport
id-867,sport
id-868,sport
id-869,sport
id-870,sport
id-871,sport
id-872,sport
id-873,sport
id-874,sport
id-875,sport
id-876,sport
id-877,sport
id-878,sport
id-879,sport
id-880,sport
id-881,sport
id-882,sport
id-883,sport
id-884,sport
id-885,sport
id-886,sport
id-887,sport
id-888,sport
id-889,sport
id-890,sport
id-891,sport
id-892,sport
id-893,sport
id-894,sport
id-895,sport
id-896,sport
id-897,sport
id-898,sport
id-899,sport
id-900,sport
id-901,sport
id-902,sport
id-903,sport
id-904,sport
id-905,sport
id-906,sport
id-907,sport
id-908,sport
id-909,sport
id-910,sport
id-911,sport
id-912,sport
id-913,sport
id-914,sport
id-915,sport
id-916,sport
id-917,sport
id-918,sport
id-919,sport
id-920,sport
id-921,sport
id-922,sport
id-923,sport
id-924,sport
id-925,sport
id-926,sport
id-927,sport
id-928,sport
id-929,sport
id-930,sport
id-931,sport
id-932,sport
id-933,sport
id-934,sport
id-935,sport
id-936,sport
id-937,sport
id-938,sport
id-939,sport
id-940,sport
id-941,sport
id-942,sport
id-943,sport
id-944,sport
id-945,sport
id-946,sport
id-947,sport
id-948,sport
id-949,sport
id-950,sport
id-951,sport
id-952,sport
id-953,sport
id-954,sport
id-955,sport
id-956,sport
id-957,sport
id-958,sport
id-959,sport
id-960,sport
id-961,sport
id-962,sport
id-963,sport
id-964,sport
id-965,sport
id-966,sport
id-967,sport
id-968,sport
id-969,sport
id-970,sport
id-971,sport
id-972,sport
id-973,sport
id-974,sport
id-975,father
id-976,father
id-977,father
id-978,father
id-979,father
id-980,father
id-981,father
id-982,father
id-983,father
id-984,father
id-985,father
id-986,father
id-987,father
id-988,father
id-989,father
id-990,father
id-991,father
id-992,father
id-993,father
id-994,father
id-995,father
id-996,father
id-997,father
id-998,father
id-999,father
id-1000,father
id-1001,father
id-1002,father
id-1003,father
id-1004,father
id-1005,father
id-1006,father
id-1007,father
id-1008,father
id-1009,father
id-1010,father
id-1011,father
id-1012,father
id-1013,father
id-1014,father
id-1015,father
id-1016,father
id-1017,father
id-1018,father
id-1019,father
id-1020,father
id-1021,father
id-1022,father
id-1023,father
id-1024,father
id-1025,father
id-1026,father
id-1027,father
id-1028,father
id-1029,father
id-1030,sibling
id-1031,father
id-1032,father
id-1033,father
id-1034,spouse
id-1035,father
id-1036,father
id-1037,spouse
id-1038,father
id-1039,father
id-1040,father
id-1041,father
id-1042,father
id-1043,father
id-1044,father
id-1045,father
id-1046,father
id-1047,father
id-1048,father
id-1049,father
id-1050,father
id-1051,father
id-1052,father
id-1053,father
id-1054,father
id-1055,father
id-1056,father
id-1057,father
id-1058,father
id-1059,father
id-1060,father
id-1061,father
id-1062,father
id-1063,father
id-1064,father
id-1065,father
id-1066,father
id-1067,father
id-1068,father
id-1069,father
id-1070,father
id-1071,father
id-1072,father
id-1073,father
id-1074,father
id-1075,father
id-1076,father
id-1077,father
id-1078,father
id-1079,father
id-1080,father
id-1081,father
id-1082,father
id-1083,father
id-1084,father
id-1085,father
id-1086,father
id-1087,father
id-1088,father
id-1089,father
id-1090,father
id-1091,father
id-1092,father
id-1093,father
id-1094,father
id-1095,father
id-1096,father
id-1097,father
id-1098,father
id-1099,father
id-1100,father
id-1101,father
id-1102,father
id-1103,father
id-1104,father
id-1105,father
id-1106,father
id-1107,father
id-1108,father
id-1109,father
id-1110,father
id-1111,father
id-1112,father
id-1113,father
id-1114,father
id-1115,father
id-1116,father
id-1117,father
id-1118,father
id-1119,father
id-1120,father
id-1121,father
id-1122,father
id-1123,sibling
id-1124,father
id-1125,father
id-1126,father
id-1127,father
id-1128,father
id-1129,father
id-1130,father
id-1131,father
id-1132,father
id-1133,child
id-1134,father
id-1135,father
id-1136,father
id-1137,father
id-1138,father
id-1139,father
id-1140,father
id-1141,father
id-1142,father
id-1143,father
id-1144,mother
id-1145,father
id-1146,father
id-1147,father
id-1148,father
id-1149,father
id-1150,father
id-1151,father
id-1152,father
id-1153,father
id-1154,father
id-1155,father
id-1156,father
id-1157,father
id-1158,father
id-1159,father
id-1160,father
id-1161,father
id-1162,father
id-1163,father
id-1164,father
id-1165,father
id-1166,father
id-1167,father
id-1168,father
id-1169,father
id-1170,father
id-1171,father
id-1172,father
id-1173,father
id-1174,father
id-1175,father
id-1176,capital_of
id-1177,capital_of
id-1178,capital_of
id-1179,capital_of
id-1180,capital_of
id-1181,capital_of
id-1182,capital_of
id-1183,capital_of
id-1184,capital_of
id-1185,capital_of
id-1186,capital_of
id-1187,capital_of
id-1188,capital_of
id-1189,capital_of
id-1190,capital_of
id-1191,capital_of
id-1192,capital_of
id-1193,capital
id-1194,capital_of
id-1195,capital_of
id-1196,capital_of
id-1197,capital_of
id-1198,capital_of
id-1199,capital_of
id-1200,capital_of
id-1201,capital_of
id-1202,capital_of
id-1203,capital_of
id-1204,capital_of
id-1205,capital_of
id-1206,capital_of
id-1207,capital_of
id-1208,capital_of
id-1209,capital_of
id-1210,capital_of
id-1211,capital_of
id-1212,capital_of
id-1213,capital_of
id-1214,capital_of
id-1215,capital_of
id-1216,capital_of
id-1217,capital_of
id-1218,capital_of
id-1219,capital_of
id-1220,capital_of
id-1221,capital_of
id-1222,capital_of
id-1223,capital_of
id-1224,capital_of
id-1225,capital_of
id-1226,capital_of
id-1227,capital_of
id-1228,capital_of
id-1229,capital_of
id-1230,capital_of
id-1231,capital_of
id-1232,capital_of
id-1233,capital_of
id-1234,capital_of
id-1235,capital_of
id-1236,capital_of
id-1237,capital_of
id-1238,capital_of
id-1239,capital_of
id-1240,capital_of
id-1241,capital_of
id-1242,capital_of
id-1243,capital_of
id-1244,capital_of
id-1245,capital_of
id-1246,capital_of
id-1247,capital_of
id-1248,capital_of
id-1249,capital_of
id-1250,capital_of
id-1251,capital_of
id-1252,capital_of
id-1253,capital_of
id-1254,capital_of
id-1255,capital
id-1256,capital_of
id-1257,capital_of
id-1258,award_received
id-1259,award_received
id-1260,award_received
id-1261,award_received
id-1262,award_received
id-1263,award_received
id-1264,award_received
id-1265,award_received
id-1266,award_received
id-1267,award_received
id-1268,award_received
id-1269,award_received
id-1270,award_received
id-1271,award_received
id-1272,award_received
id-1273,award_received
id-1274,nominated_for
id-1275,award_received
id-1276,award_received
id-1277,award_received
id-1278,award_received
id-1279,award_received
id-1280,award_received
id-1281,award_received
id-1282,award_received
id-1283,award_received
id-1284,award_received
id-1285,award_received
id-1286,award_received
id-1287,award_received
id-1288,award_received
id-1289,award_received
id-1290,award_received
id-1291,award_received
id-1292,award_received
id-1293,award_received
id-1294,award_received
id-1295,award_received
id-1296,award_received
id-1297,award_received
id-1298,nominated_for
id-1299,award_received
id-1300,award_received
id-1301,award_received
id-1302,award_received
id-1303,award_received
id-1304,award_received
id-1305,award_received
id-1306,award_received
id-1307,award_received
id-1308,award_received
id-1309,award_received
id-1310,award_received
id-1311,award_received
id-1312,award_received
id-1313,award_received
id-1314,award_received
id-1315,award_received
id-1316,award_received
id-1317,award_received
id-1318,award_received
id-1319,award_received
id-1320,award_received
id-1321,award_received
id-1322,nominated_for
id-1323,award_received
id-1324,award_received
id-1325,award_received
id-1326,award_received
id-1327,award_received
id-1328,award_received
id-1329,award_received
id-1330,award_received
id-1331,award_received
id-1332,award_received
id-1333,award_received
id-1334,award_received
id-1335,award_received
id-1336,award_received
id-1337,award_received
id-1338,award_received
id-1339,award_received
id-1340,award_received
id-1341,award_received
id-1342,award_received
id-1343,award_received
id-1344,award_received
id-1345,award_received
id-1346,award_received
id-1347,award_received
id-1348,award_received
id-1349,award_received
id-1350,award_received
id-1351,award_received
id-1352,award_received
id-1353,award_received
id-1354,award_received
id-1355,award_received
id-1356,award_received
id-1357,award_received
id-1358,award_received
id-1359,award_received
id-1360,award_received
id-1361,award_received
id-1362,award_received
id-1363,award_received
id-1364,award_received
id-1365,award_received
id-1366,award_received
id-1367,award_received
id-1368,award_received
id-1369,award_received
id-1370,award_received
id-1371,award_received
id-1372,award_received
id-1373,award_received
id-1374,award_received
id-1375,award_received
id-1376,award_received
id-1377,award_received
id-1378,award_received
id-1379,award_received
id-1380,award_received
id-1381,award_received
id-1382,award_received
id-1383,award_received
id-1384,award_received
id-1385,award_received
id-1386,award_received
id-1387,award_received
id-1388,award_received
id-1389,award_received
id-1390,award_received
id-1391,award_received
id-1392,award_received
id-1393,award_received
id-1394,award_received
id-1395,award_received
id-1396,award_received
id-1397,award_received
id-1398,award_received
id-1399,award_received
id-1400,award_received
id-1401,award_received
id-1402,award_received
id-1403,award_received
id-1404,award_received
id-1405,award_received
id-1406,award_received
id-1407,award_received
id-1408,award_received
id-1409,award_received
id-1410,award_received
id-1411,award_received
id-1412,award_received
id-1413,award_received
id-1414,award_received
id-1415,award_received
id-1416,award_received
id-1417,award_received
id-1418,award_received
id-1419,award_received
id-1420,award_received
id-1421,award_received
id-1422,award_received
id-1423,award_received
id-1424,award_received
id-1425,award_received
id-1426,award_received
id-1427,award_received
id-1428,award_received
id-1429,award_received
id-1430,award_received
id-1431,award_received
id-1432,award_received
id-1433,award_received
id-1434,award_received
id-1435,award_received
id-1436,award_received
id-1437,award_received
id-1438,award_received
id-1439,award_received
id-1440,award_received
id-1441,award_received
id-1442,award_received
id-1443,award_received
id-1444,award_received
id-1445,award_received
id-1446,award_received
id-1447,award_received
id-1448,award_received
id-1449,award_received
id-1450,award_received
id-1451,award_received
id-1452,award_received
id-1453,award_received
id-1454,award_received
id-1455,award_received
id-1456,award_received
id-1457,award_received
id-1458,award_received
id-1459,award_received
id-1460,award_received
id-1461,award_received
id-1462,award_received
id-1463,award_received
id-1464,award_received
id-1465,award_received
id-1466,nominated_for
id-1467,award_received
id-1468,award_received
id-1469,award_received
id-1470,award_received
id-1471,award_received
id-1472,award_received
id-1473,award_received
id-1474,award_received
id-1475,award_received
id-1476,award_received
id-1477,award_received
id-1478,award_received
id-1479,award_received
id-1480,award_received
id-1481,award_received
id-1482,place_of_death
id-1483,place_of_death
id-1484,place_of_death
id-1485,place_of_death
id-1486,place_of_death
id-1487,place_of_death
id-1488,place_of_death
id-1489,place_of_death
id-1490,place_of_death
id-1491,place_of_death
id-1492,place_of_death
id-1493,place_of_death
id-1494,place_of_death
id-1495,place_of_death
id-1496,place_of_death
id-1497,place_of_death
id-1498,place_of_death
id-1499,place_of_death
id-1500,place_of_death
id-1501,place_of_death
id-1502,place_of_death
id-1503,place_of_death
id-1504,place_of_death
id-1505,place_of_death
id-1506,place_of_death
id-1507,place_of_death
id-1508,place_of_death
id-1509,place_of_death
id-1510,place_of_death
id-1511,place_of_death
id-1512,place_of_death
id-1513,place_of_death
id-1514,place_of_death
id-1515,place_of_death
id-1516,place_of_death
id-1517,place_of_death
id-1518,place_of_death
id-1519,place_of_birth
id-1520,place_of_death
id-1521,place_of_death
id-1522,place_of_death
id-1523,place_of_death
id-1524,place_of_death
id-1525,place_of_death
id-1526,place_of_death
id-1527,place_of_death
id-1528,place_of_death
id-1529,place_of_death
id-1530,place_of_death
id-1531,sibling
id-1532,sibling
id-1533,sibling
id-1534,sibling
id-1535,sibling
id-1536,sibling
id-1537,sibling
id-1538,sibling
id-1539,sibling
id-1540,sibling
id-1541,sibling
id-1542,sibling
id-1543,sibling
id-1544,sibling
id-1545,sibling
id-1546,sibling
id-1547,sibling
id-1548,sibling
id-1549,sibling
id-1550,sibling
id-1551,sibling
id-1552,sibling
id-1553,sibling
id-1554,sibling
id-1555,sibling
id-1556,sibling
id-1557,sibling
id-1558,sibling
id-1559,sibling
id-1560,sibling
id-1561,sibling
id-1562,sibling
id-1563,sibling
id-1564,sibling
id-1565,sibling
id-1566,sibling
id-1567,mother
id-1568,sibling
id-1569,sibling
id-1570,sibling
id-1571,sibling
id-1572,sibling
id-1573,sibling
id-1574,sibling
id-1575,sibling
id-1576,mother
id-1577,sibling
id-1578,sibling
id-1579,sibling
id-1580,sibling
id-1581,sibling
id-1582,sibling
id-1583,sibling
id-1584,sibling
id-1585,sibling
id-1586,sibling
id-1587,sibling
id-1588,sibling
id-1589,sibling
id-1590,father
id-1591,sibling
id-1592,sibling
id-1593,sibling
id-1594,sibling
id-1595,father
id-1596,sibling
id-1597,sibling
id-1598,spouse
id-1599,sibling
id-1600,sibling
id-1601,sibling
id-1602,sibling
id-1603,father
id-1604,sibling
id-1605,sibling
id-1606,sibling
id-1607,sibling
id-1608,sibling
id-1609,sibling
id-1610,sibling
id-1611,sibling
id-1612,sibling
id-1613,sibling
id-1614,sibling
id-1615,sibling
id-1616,child
id-1617,sibling
id-1618,sibling
id-1619,sibling
id-1620,sibling
id-1621,mother
id-1622,sibling
id-1623,sibling
id-1624,sibling
id-1625,spouse
id-1626,sibling
id-1627,sibling
id-1628,sibling
id-1629,sibling
id-1630,sibling
id-1631,sibling
id-1632,sibling
id-1633,sibling
id-1634,sibling
id-1635,sibling
id-1636,sibling
id-1637,sibling
id-1638,sibling
id-1639,sibling
id-1640,sibling
id-1641,sibling
id-1642,sibling
id-1643,sibling
id-1644,sibling
id-1645,sibling
id-1646,sibling
id-1647,sibling
id-1648,sibling
id-1649,sibling
id-1650,sibling
id-1651,sibling
id-1652,sibling
id-1653,sibling
id-1654,sibling
id-1655,sibling
id-1656,sibling
id-1657,sibling
id-1658,child
id-1659,sibling
id-1660,sibling
id-1661,sibling
id-1662,sibling
id-1663,sibling
id-1664,sibling
id-1665,sibling
id-1666,spouse
id-1667,sibling
id-1668,sibling
id-1669,sibling
id-1670,sibling
id-1671,director
id-1672,director
id-1673,director
id-1674,director
id-1675,director
id-1676,director
id-1677,director
id-1678,director
id-1679,director
id-1680,director
id-1681,director
id-1682,director
id-1683,director
id-1684,director
id-1685,director
id-1686,director
id-1687,director
id-1688,director
id-1689,director
id-1690,director
id-1691,director
id-1692,director
id-1693,director
id-1694,director
id-1695,director
id-1696,director
id-1697,director
id-1698,director
id-1699,director
id-1700,director
id-1701,director
id-1702,director
id-1703,director
id-1704,director
id-1705,director
id-1706,director
id-1707,director
id-1708,director
id-1709,director
id-1710,director
id-1711,director
id-1712,director
id-1713,director
id-1714,director
id-1715,director
id-1716,director
id-1717,director
id-1718,director
id-1719,director
id-1720,director
id-1721,director
id-1722,director
id-1723,director
id-1724,director
id-1725,director
id-1726,director
id-1727,director
id-1728,director
id-1729,director
id-1730,director
id-1731,director
id-1732,director
id-1733,director
id-1734,director
id-1735,director
id-1736,director
id-1737,director
id-1738,director
id-1739,director
id-1740,director
id-1741,director
id-1742,director
id-1743,director
id-1744,director
id-1745,director
id-1746,director
id-1747,director
id-1748,director
id-1749,director
id-1750,director
id-1751,director
id-1752,director
id-1753,director
id-1754,director
id-1755,director
id-1756,director
id-1757,director
id-1758,director
id-1759,director
id-1760,director
id-1761,director
id-1762,father
id-1763,director
id-1764,director
id-1765,director
id-1766,director
id-1767,director
id-1768,director
id-1769,director
id-1770,director
id-1771,director
id-1772,director
id-1773,director
id-1774,director
id-1775,director
id-1776,director
id-1777,director
id-1778,director
id-1779,director
id-1780,director
id-1781,director
id-1782,director
id-1783,director
id-1784,director
id-1785,director
id-1786,director
id-1787,director
id-1788,director
id-1789,director
id-1790,director
id-1791,director
id-1792,director
id-1793,director
id-1794,director
id-1795,director
id-1796,director
id-1797,director
id-1798,director
id-1799,director
id-1800,director
id-1801,director
id-1802,director
id-1803,director
id-1804,director
id-1805,director
id-1806,director
id-1807,director
id-1808,director
id-1809,director
id-1810,director
id-1811,director
id-1812,director
id-1813,director
id-1814,director
id-1815,director
id-1816,director
id-1817,director
id-1818,director
id-1819,director
id-1820,director
id-1821,director
id-1822,director
id-1823,director
id-1824,director
id-1825,director
id-1826,director
id-1827,director
id-1828,director
id-1829,director
id-1830,director
id-1831,director
id-1832,director
id-1833,director
id-1834,director
id-1835,director
id-1836,director
id-1837,director
id-1838,director
id-1839,director
id-1840,director
id-1841,director
id-1842,director
id-1843,director
id-1844,director
id-1845,director
id-1846,director
id-1847,director
id-1848,director
id-1849,director
id-1850,director
id-1851,director
id-1852,director
id-1853,director
id-1854,director
id-1855,director
id-1856,director
id-1857,director
id-1858,director
id-1859,director
id-1860,director
id-1861,director
id-1862,director
id-1863,director
id-1864,director
id-1865,director
id-1866,director
id-1867,director
id-1868,director
id-1869,director
id-1870,director
id-1871,director
id-1872,director
id-1873,director
id-1874,director
id-1875,director
id-1876,director
id-1877,director
id-1878,director
id-1879,director
id-1880,director
id-1881,director
id-1882,director
id-1883,director
id-1884,director
id-1885,director
id-1886,director
id-1887,director
id-1888,director
id-1889,director
id-1890,director
id-1891,director
id-1892,director
id-1893,director
id-1894,director
id-1895,director
id-1896,director
id-1897,director
id-1898,director
id-1899,director
id-1900,director
id-1901,director
id-1902,director
id-1903,director
id-1904,director
id-1905,director
id-1906,director
id-1907,founded_by
id-1908,director
id-1909,director
id-1910,director
id-1911,director
id-1912,director
id-1913,director
id-1914,director
id-1915,director
id-1916,director
id-1917,director
id-1918,director
id-1919,director
id-1920,director
id-1921,director
id-1922,director
id-1923,director
id-1924,director
id-1925,director
id-1926,director
id-1927,director
id-1928,director
id-1929,director
id-1930,director
id-1931,director
id-1932,director
id-1933,director
id-1934,director
id-1935,director
id-1936,director
id-1937,director
id-1938,director
id-1939,director
id-1940,director
id-1941,director
id-1942,director
id-1943,director
id-1944,director
id-1945,director
id-1946,director
id-1947,director
id-1948,director
id-1949,director
id-1950,director
id-1951,director
id-1952,director
id-1953,director
id-1954,director
id-1955,director
id-1956,director
id-1957,director
id-1958,director
id-1959,director
id-1960,director
id-1961,director
id-1962,director
id-1963,director
id-1964,director
id-1965,director
id-1966,director
id-1967,director
id-1968,director
id-1969,director
id-1970,director
id-1971,director
id-1972,director
id-1973,director
id-1974,director
id-1975,director
id-1976,director
id-1977,director
id-1978,director
id-1979,director
id-1980,director
id-1981,director
id-1982,director
id-1983,director
id-1984,director
id-1985,director
id-1986,director
id-1987,director
id-1988,director
id-1989,director
id-1990,director
id-1991,director
id-1992,director
id-1993,director
id-1994,director
id-1995,director
id-1996,director
id-1997,director
id-1998,director
id-1999,director
id-2000,director
id-2001,director
id-2002,director
id-2003,subsidiary
id-2004,subsidiary
id-2005,subsidiary
id-2006,subsidiary
id-2007,subsidiary
id-2008,subsidiary
id-2009,subsidiary
id-2010,subsidiary
id-2011,subsidiary
id-2012,subsidiary
id-2013,subsidiary
id-2014,subsidiary
id-2015,subsidiary
id-2016,subsidiary
id-2017,subsidiary
id-2018,subsidiary
id-2019,subsidiary
id-2020,subsidiary
id-2021,subsidiary
id-2022,parent_organization
id-2023,subsidiary
id-2024,parent_organization
id-2025,subsidiary
id-2026,subsidiary
id-2027,subsidiary
id-2028,subsidiary
id-2029,subsidiary
id-2030,subsidiary
id-2031,subsidiary
id-2032,subsidiary
id-2033,subsidiary
id-2034,subsidiary
id-2035,parent_organization
id-2036,subsidiary
id-2037,subsidiary
id-2038,subsidiary
id-2039,founded_by
id-2040,subsidiary
id-2041,subsidiary
id-2042,subsidiary
id-2043,subsidiary
id-2044,subsidiary
id-2045,subsidiary
id-2046,subsidiary
id-2047,subsidiary
id-2048,parent_organization
id-2049,subsidiary
id-2050,subsidiary
id-2051,subsidiary
id-2052,subsidiary
id-2053,subsidiary
id-2054,subsidiary
id-2055,subsidiary
id-2056,subsidiary
id-2057,subsidiary
id-2058,subsidiary
id-2059,subsidiary
id-2060,subsidiary
id-2061,subsidiary
id-2062,founded_by
id-2063,subsidiary
id-2064,subsidiary
id-2065,subsidiary
id-2066,subsidiary
id-2067,subsidiary
id-2068,subsidiary
id-2069,subsidiary
id-2070,subsidiary
id-2071,subsidiary
id-2072,parent_organization
id-2073,subsidiary
id-2074,subsidiary
id-2075,subsidiary
id-2076,subsidiary
id-2077,subsidiary
id-2078,subsidiary
id-2079,subsidiary
id-2080,subsidiary
id-2081,subsidiary
id-2082,parent_organization
id-2083,subsidiary
id-2084,subsidiary
id-2085,subsidiary
id-2086,subsidiary
id-2087,subsidiary
id-2088,subsidiary
id-2089,parent_organization
id-2090,subsidiary
id-2091,subsidiary
id-2092,subsidiary
id-2093,subsidiary
id-2094,subsidiary
id-2095,subsidiary
id-2096,subsidiary
id-2097,subsidiary
id-2098,subsidiary
id-2099,subsidiary
id-2100,subsidiary
id-2101,subsidiary
id-2102,subsidiary
id-2103,tributary
id-2104,tributary
id-2105,tributary
id-2106,tributary
id-2107,tributary
id-2108,tributary
id-2109,tributary
id-2110,tributary
id-2111,tributary
id-2112,tributary
id-2113,tributary
id-2114,tributary
id-2115,tributary
id-2116,tributary
id-2117,tributary
id-2118,tributary
id-2119,tributary
id-2120,tributary
id-2121,tributary
id-2122,tributary
id-2123,tributary
id-2124,tributary
id-2125,tributary
id-2126,tributary
id-2127,tributary
id-2128,tributary
id-2129,tributary
id-2130,tributary
id-2131,tributary
id-2132,tributary
id-2133,tributary
id-2134,tributary
id-2135,tributary
id-2136,tributary
id-2137,tributary
id-2138,tributary
id-2139,tributary
id-2140,tributary
id-2141,tributary
id-2142,tributary
id-2143,tributary
id-2144,tributary
id-2145,tributary
id-2146,tributary
id-2147,tributary
id-2148,tributary
id-2149,tributary
id-2150,tributary
id-2151,tributary
id-2152,tributary
id-2153,tributary
id-2154,tributary
id-2155,tributary
id-2156,tributary
id-2157,tributary
id-2158,tributary
id-2159,tributary
id-2160,tributary
id-2161,tributary
id-2162,tributary
id-2163,tributary
id-2164,tributary
id-2165,tributary
id-2166,tributary
id-2167,tributary
id-2168,tributary
id-2169,tributary
id-2170,tributary
id-2171,tributary
id-2172,tributary
id-2173,tributary
id-2174,tributary
id-2175,tributary
id-2176,tributary
id-2177,tributary
id-2178,tributary
id-2179,tributary
id-2180,tributary
id-2181,tributary
id-2182,tributary
id-2183,tributary
id-2184,tributary
id-2185,tributary
id-2186,tributary
id-2187,tributary
id-2188,tributary
id-2189,tributary
id-2190,tributary
id-2191,tributary
id-2192,tributary
id-2193,tributary
id-2194,tributary
id-2195,tributary
id-2196,tributary
id-2197,tributary
id-2198,tributary
id-2199,tributary
id-2200,parent_organization
id-2201,parent_organization
id-2202,parent_organization
id-2203,parent_organization
id-2204,parent_organization
id-2205,parent_organization
id-2206,parent_organization
id-2207,parent_organization
id-2208,parent_organization
id-2209,parent_organization
id-2210,parent_organization
id-2211,parent_organization
id-2212,parent_organization
id-2213,parent_organization
id-2214,parent_organization
id-2215,parent_organization
id-2216,parent_organization
id-2217,parent_organization
id-2218,parent_organization
id-2219,subsidiary
id-2220,parent_organization
id-2221,parent_organization
id-2222,parent_organization
id-2223,parent_organization
id-2224,parent_organization
id-2225,parent_organization
id-2226,parent_organization
id-2227,founded_by
id-2228,parent_organization
id-2229,parent_organization
id-2230,parent_organization
id-2231,parent_organization
id-2232,parent_organization
id-2233,parent_organization
id-2234,parent_organization
id-2235,parent_organization
id-2236,parent_organization
id-2237,parent_organization
id-2238,parent_organization
id-2239,parent_organization
id-2240,parent_organization
id-2241,parent_organization
id-2242,parent_organization
id-2243,parent_organization
id-2244,parent_organization
id-2245,parent_organization
id-2246,parent_organization
id-2247,parent_organization
id-2248,parent_organization
id-2249,parent_organization
id-2250,parent_organization
id-2251,parent_organization
id-2252,parent_organization
id-2253,parent_organization
id-2254,parent_organization
id-2255,parent_organization
id-2256,parent_organization
id-2257,parent_organization
id-2258,parent_organization
id-2259,parent_organization
id-2260,parent_organization
id-2261,subsidiary
id-2262,parent_organization
id-2263,parent_organization
id-2264,parent_organization
id-2265,parent_organization
id-2266,parent_organization
id-2267,parent_organization
id-2268,parent_organization
id-2269,employer
id-2270,parent_organization
id-2271,subsidiary
id-2272,parent_organization
id-2273,parent_organization
id-2274,parent_organization
id-2275,parent_organization
id-2276,parent_organization
id-2277,parent_organization
id-2278,parent_organization
id-2279,parent_organization
id-2280,parent_organization
id-2281,parent_organization
id-2282,parent_organization
id-2283,parent_organization
id-2284,parent_organization
id-2285,parent_organization
id-2286,parent_organization
id-2287,parent_organization
id-2288,parent_organization
id-2289,parent_organization
id-2290,parent_organization
id-2291,subsidiary
id-2292,parent_organization
id-2293,parent_organization
id-2294,subsidiary
id-2295,parent_organization
id-2296,parent_organization
id-2297,parent_organization
id-2298,parent_organization
id-2299,parent_organization
id-2300,parent_organization
id-2301,parent_organization
id-2302,parent_organization
id-2303,parent_organization
id-2304,parent_organization
id-2305,parent_organization
id-2306,parent_organization
id-2307,parent_organization
id-2308,parent_organization
id-2309,parent_organization
id-2310,parent_organization
id-2311,parent_organization
id-2312,parent_organization
id-2313,parent_organization
id-2314,parent_organization
id-2315,parent_organization
id-2316,parent_organization
id-2317,parent_organization
id-2318,subsidiary
id-2319,parent_organization
id-2320,parent_organization
id-2321,parent_organization
id-2322,parent_organization
id-2323,subsidiary
id-2324,parent_organization
id-2325,parent_organization
id-2326,parent_organization
id-2327,parent_organization
id-2328,subsidiary
id-2329,parent_organization
id-2330,parent_organization
id-2331,parent_organization
id-2332,parent_organization
id-2333,parent_organization
id-2334,parent_organization
id-2335,place_of_birth
id-2336,place_of_birth
id-2337,place_of_death
id-2338,place_of_birth
id-2339,place_of_birth
id-2340,place_of_birth
id-2341,place_of_birth
id-2342,place_of_birth
id-2343,place_of_birth
id-2344,place_of_birth
id-2345,place_of_birth
id-2346,place_of_birth
id-2347,place_of_birth
id-2348,place_of_birth
id-2349,place_of_birth
id-2350,place_of_birth
id-2351,place_of_birth
id-2352,place_of_birth
id-2353,place_of_birth
id-2354,place_of_birth
id-2355,place_of_birth
id-2356,place_of_birth
id-2357,place_of_birth
id-2358,place_of_birth
id-2359,place_of_birth
id-2360,place_of_birth
id-2361,place_of_birth
id-2362,place_of_birth
id-2363,place_of_birth
id-2364,place_of_birth
id-2365,place_of_birth
id-2366,place_of_birth
id-2367,place_of_birth
id-2368,place_of_birth
id-2369,place_of_birth
id-2370,place_of_birth
id-2371,place_of_birth
id-2372,place_of_birth
id-2373,place_of_birth
id-2374,place_of_birth
id-2375,place_of_birth
id-2376,place_of_birth
id-2377,place_of_birth
id-2378,place_of_birth
id-2379,place_of_birth
id-2380,place_of_birth
id-2381,place_of_birth
id-2382,place_of_birth
id-2383,place_of_birth
id-2384,place_of_birth
id-2385,place_of_birth
id-2386,place_of_birth
id-2387,place_of_birth
id-2388,place_of_birth
id-2389,place_of_birth
id-2390,place_of_birth
id-2391,place_of_birth
id-2392,place_of_birth
id-2393,place_of_birth
id-2394,place_of_birth
id-2395,place_of_birth
id-2396,place_of_birth
id-2397,place_of_birth
id-2398,place_of_birth
id-2399,participant
id-2400,discoverer_or_inventor
id-2401,participant
id-2402,participant
id-2403,participant
id-2404,participant
id-2405,participant
id-2406,participant
id-2407,participant
id-2408,participant
id-2409,participant
id-2410,participant
id-2411,participant
id-2412,participant
id-2413,participant
id-2414,participant
id-2415,participant
id-2416,participant
id-2417,participant
id-2418,participant
id-2419,participant
id-2420,participant
id-2421,participant
id-2422,participant
id-2423,participant
id-2424,participant
id-2425,participant
id-2426,participant
id-2427,participant
id-2428,participant
id-2429,participant
id-2430,participant
id-2431,participant
id-2432,participant
id-2433,participant
id-2434,participant
id-2435,participant
id-2436,participant
id-2437,participant
id-2438,participant
id-2439,participant
id-2440,participant
id-2441,participant
id-2442,participant
id-2443,participant
id-2444,participant
id-2445,participant
id-2446,participant
id-2447,participant
id-2448,participant
id-2449,participant
id-2450,participant
id-2451,participant
id-2452,participant
id-2453,participant
id-2454,participant
id-2455,participant
id-2456,participant
id-2457,participant
id-2458,participant
id-2459,participant
id-2460,participant
id-2461,participant
id-2462,participant
id-2463,participant
id-2464,participant
id-2465,participant
id-2466,participant
id-2467,participant
id-2468,participant
id-2469,participant
id-2470,participant
id-2471,participant
id-2472,participant
id-2473,participant
id-2474,participant
id-2475,participant
id-2476,participant
id-2477,participant
id-2478,participant
id-2479,participant
id-2480,participant
id-2481,participant
id-2482,participant
id-2483,participant
id-2484,participant
id-2485,participant
id-2486,participant
id-2487,participant
id-2488,participant
id-2489,participant
id-2490,participant
id-2491,participant
id-2492,participant
id-2493,participant
id-2494,participant
id-2495,founded_by
id-2496,participant
id-2497,participant
id-2498,discoverer_or_inventor
id-2499,discoverer_or_inventor
id-2500,discoverer_or_inventor
id-2501,discoverer_or_inventor
id-2502,discoverer_or_inventor
id-2503,discoverer_or_inventor
id-2504,discoverer_or_inventor
id-2505,discoverer_or_inventor
id-2506,discoverer_or_inventor
id-2507,discoverer_or_inventor
id-2508,discoverer_or_inventor
id-2509,discoverer_or_inventor
id-2510,discoverer_or_inventor
id-2511,discoverer_or_inventor
id-2512,discoverer_or_inventor
id-2513,discoverer_or_inventor
id-2514,discoverer_or_inventor
id-2515,discoverer_or_inventor
id-2516,discoverer_or_inventor
id-2517,discoverer_or_inventor
id-2518,discoverer_or_inventor
id-2519,discoverer_or_inventor
id-2520,discoverer_or_inventor
id-2521,discoverer_or_inventor
id-2522,discoverer_or_inventor
id-2523,discoverer_or_inventor
id-2524,discoverer_or_inventor
id-2525,discoverer_or_inventor
id-2526,discoverer_or_inventor
id-2527,discoverer_or_inventor
id-2528,discoverer_or_inventor
id-2529,discoverer_or_inventor
id-2530,discoverer_or_inventor
id-2531,discoverer_or_inventor
id-2532,discoverer_or_inventor
id-2533,discoverer_or_inventor
id-2534,discoverer_or_inventor
id-2535,discoverer_or_inventor
id-2536,discoverer_or_inventor
id-2537,discoverer_or_inventor
id-2538,discoverer_or_inventor
id-2539,discoverer_or_inventor
id-2540,discoverer_or_inventor
id-2541,discoverer_or_inventor
id-2542,discoverer_or_inventor
id-2543,discoverer_or_inventor
id-2544,discoverer_or_inventor
id-2545,discoverer_or_inventor
id-2546,discoverer_or_inventor
id-2547,discoverer_or_inventor
id-2548,discoverer_or_inventor
id-2549,discoverer_or_inventor
id-2550,founded_by
id-2551,discoverer_or_inventor
id-2552,discoverer_or_inventor
id-2553,founded_by
id-2554,discoverer_or_inventor
id-2555,discoverer_or_inventor
id-2556,discoverer_or_inventor
id-2557,discoverer_or_inventor
id-2558,discoverer_or_inventor
id-2559,discoverer_or_inventor
id-2560,discoverer_or_inventor
id-2561,discoverer_or_inventor
id-2562,discoverer_or_inventor
id-2563,discoverer_or_inventor
id-2564,discoverer_or_inventor
id-2565,discoverer_or_inventor
id-2566,discoverer_or_inventor
id-2567,discoverer_or_inventor
id-2568,discoverer_or_inventor
id-2569,discoverer_or_inventor
id-2570,discoverer_or_inventor
id-2571,discoverer_or_inventor
id-2572,discoverer_or_inventor
id-2573,discoverer_or_inventor
id-2574,discoverer_or_inventor
id-2575,discoverer_or_inventor
id-2576,discoverer_or_inventor
id-2577,discoverer_or_inventor
id-2578,discoverer_or_inventor
id-2579,discoverer_or_inventor
id-2580,discoverer_or_inventor
id-2581,discoverer_or_inventor
id-2582,discoverer_or_inventor
id-2583,discoverer_or_inventor
id-2584,discoverer_or_inventor
id-2585,discoverer_or_inventor
id-2586,discoverer_or_inventor
id-2587,discoverer_or_inventor
id-2588,discoverer_or_inventor
id-2589,discoverer_or_inventor
id-2590,discoverer_or_inventor
id-2591,discoverer_or_inventor
id-2592,discoverer_or_inventor
id-2593,discoverer_or_inventor
id-2594,discoverer_or_inventor
id-2595,discoverer_or_inventor
id-2596,discoverer_or_inventor
id-2597,founded_by
id-2598,employer
id-2599,employer
id-2600,employer
id-2601,employer
id-2602,employer
id-2603,employer
id-2604,employer
id-2605,employer
id-2606,employer
id-2607,employer
id-2608,employer
id-2609,employer
id-2610,employer
id-2611,employer
id-2612,employer
id-2613,employer
id-2614,employer
id-2615,employer
id-2616,employer
id-2617,employer
id-2618,employer
id-2619,employer
id-2620,employer
id-2621,employer
id-2622,employer
id-2623,employer
id-2624,employer
id-2625,employer
id-2626,employer
id-2627,employer
id-2628,employer
id-2629,employer
id-2630,employer
id-2631,employer
id-2632,employer
id-2633,director
id-2634,employer
id-2635,employer
id-2636,employer
id-2637,employer
id-2638,employer
id-2639,employer
id-2640,employer
id-2641,employer
id-2642,employer
id-2643,employer
id-2644,employer
id-2645,employer
id-2646,employer
id-2647,employer
id-2648,employer
id-2649,employer
id-2650,employer
id-2651,employer
id-2652,employer
id-2653,employer
id-2654,employer
id-2655,employer
id-2656,employer
id-2657,employer
id-2658,employer
id-2659,employer
id-2660,employer
id-2661,employer
id-2662,employer
id-2663,employer
id-2664,employer
id-2665,employer
id-2666,employer
id-2667,employer
id-2668,employer
id-2669,employer
id-2670,employer
id-2671,employer
id-2672,employer
id-2673,employer
id-2674,employer
id-2675,employer
id-2676,employer
id-2677,employer
id-2678,employer
id-2679,employer
id-2680,employer
id-2681,employer
id-2682,employer
id-2683,employer
id-2684,employer
id-2685,employer
id-2686,employer
id-2687,employer
id-2688,employer
id-2689,employer
id-2690,employer
id-2691,employer
id-2692,employer
id-2693,employer
id-2694,employer
id-2695,employer
id-2696,employer
id-2697,employer
id-2698,employer
id-2699,employer
id-2700,employer
id-2701,employer
id-2702,employer
id-2703,employer
id-2704,employer
id-2705,employer
id-2706,employer
id-2707,employer
id-2708,employer
id-2709,employer
id-2710,employer
id-2711,employer
id-2712,employer
id-2713,employer
id-2714,employer
id-2715,employer
id-2716,employer
id-2717,employer
id-2718,employer
id-2719,employer
id-2720,employer
id-2721,employer
id-2722,employer
id-2723,employer
id-2724,employer
id-2725,employer
id-2726,employer
id-2727,employer
id-2728,employer
id-2729,employer
id-2730,employer
id-2731,employer
id-2732,employer
id-2733,employer
id-2734,employer
id-2735,employer
id-2736,employer
id-2737,employer
id-2738,child
id-2739,position_held
id-2740,position_held
id-2741,position_held
id-2742,position_held
id-2743,employer
id-2744,position_held
id-2745,position_held
id-2746,position_held
id-2747,position_held
id-2748,position_held
id-2749,position_held
id-2750,position_held
id-2751,position_held
id-2752,position_held
id-2753,position_held
id-2754,position_held
id-2755,position_held
id-2756,position_held
id-2757,position_held
id-2758,position_held
id-2759,position_held
id-2760,position_held
id-2761,position_held
id-2762,position_held
id-2763,position_held
id-2764,position_held
id-2765,position_held
id-2766,position_held
id-2767,position_held
id-2768,position_held
id-2769,position_held
id-2770,position_held
id-2771,position_held
id-2772,position_held
id-2773,position_held
id-2774,position_held
id-2775,position_held
id-2776,position_held
id-2777,position_held
id-2778,position_held
id-2779,position_held
id-2780,position_held
id-2781,position_held
id-2782,position_held
id-2783,position_held
id-2784,position_held
id-2785,position_held
id-2786,position_held
id-2787,position_held
id-2788,position_held
id-2789,position_held
id-2790,position_held
id-2791,position_held
id-2792,position_held
id-2793,position_held
id-2794,position_held
id-2795,position_held
id-2796,position_held
id-2797,position_held
id-2798,position_held
id-2799,position_held
id-2800,position_held
id-2801,position_held
id-2802,position_held
id-2803,position_held
id-2804,position_held
id-2805,position_held
id-2806,position_held
id-2807,position_held
id-2808,position_held
id-2809,position_held
id-2810,position_held
id-2811,position_held
id-2812,position_held
id-2813,position_held
id-2814,position_held
id-2815,position_held
id-2816,position_held
id-2817,position_held
id-2818,position_held
id-2819,position_held
id-2820,position_held
id-2821,position_held
id-2822,position_held
id-2823,position_held
id-2824,position_held
id-2825,position_held
id-2826,position_held
id-2827,position_held
id-2828,spouse
id-2829,position_held
id-2830,position_held
id-2831,position_held
id-2832,position_held
id-2833,position_held
id-2834,occupation
id-2835,position_held
id-2836,position_held
id-2837,position_held
id-2838,position_held
id-2839,position_held
id-2840,place_of_death
id-2841,position_held
id-2842,position_held
id-2843,position_held
id-2844,position_held
id-2845,position_held
id-2846,founded_by
id-2847,position_held
id-2848,position_held
id-2849,position_held
id-2850,position_held
id-2851,position_held
id-2852,position_held
id-2853,position_held
id-2854,position_held
id-2855,position_held
id-2856,position_held
id-2857,position_held
id-2858,position_held
id-2859,position_held
id-2860,position_held
id-2861,position_held
id-2862,position_held
id-2863,position_held
id-2864,position_held
id-2865,position_held
id-2866,position_held
id-2867,position_held
id-2868,position_held
id-2869,position_held
id-2870,position_held
id-2871,position_held
id-2872,position_held
id-2873,position_held
id-2874,position_held
id-2875,position_held
id-2876,position_held
id-2877,position_held
id-2878,position_held
id-2879,position_held
id-2880,position_held
id-2881,position_held
id-2882,position_held
id-2883,position_held
id-2884,position_held
id-2885,position_held
id-2886,position_held
id-2887,position_held
id-2888,position_held
id-2889,position_held
id-2890,position_held
id-2891,position_held
id-2892,position_held
id-2893,mother
id-2894,mother
id-2895,mother
id-2896,mother
id-2897,mother
id-2898,mother
id-2899,mother
id-2900,mother
id-2901,mother
id-2902,mother
id-2903,mother
id-2904,mother
id-2905,mother
id-2906,mother
id-2907,mother
id-2908,mother
id-2909,mother
id-2910,mother
id-2911,mother
id-2912,mother
id-2913,mother
id-2914,mother
id-2915,mother
id-2916,mother
id-2917,mother
id-2918,mother
id-2919,mother
id-2920,mother
id-2921,mother
id-2922,mother
id-2923,mother
id-2924,mother
id-2925,mother
id-2926,mother
id-2927,mother
id-2928,mother
id-2929,mother
id-2930,mother
id-2931,mother
id-2932,mother
id-2933,mother
id-2934,mother
id-2935,mother
id-2936,mother
id-2937,mother
id-2938,mother
id-2939,mother
id-2940,mother
id-2941,mother
id-2942,mother
id-2943,mother
id-2944,mother
id-2945,mother
id-2946,mother
id-2947,mother
id-2948,mother
id-2949,mother
id-2950,mother
id-2951,mother
id-2952,mother
id-2953,mother
id-2954,mother
id-2955,mother
id-2956,mother
id-2957,sibling
id-2958,mother
id-2959,spouse
id-2960,mother
id-2961,place_of_birth
id-2962,mother
id-2963,child
id-2964,mother
id-2965,mother
id-2966,mother
id-2967,mother
id-2968,mother
id-2969,mother
id-2970,mother
id-2971,mother
id-2972,child
id-2973,mother
id-2974,sibling
id-2975,mother
id-2976,mother
id-2977,spouse
id-2978,mother
id-2979,mother
id-2980,mother
id-2981,mother
id-2982,mother
id-2983,mother
id-2984,mother
id-2985,mother
id-2986,mother
id-2987,mother
id-2988,mother
id-2989,mother
id-2990,mother
id-2991,mother
id-2992,mother
id-2993,mother
id-2994,mother
id-2995,mother
id-2996,mother
id-2997,father
id-2998,mother
id-2999,mother
id-3000,mother
id-3001,mother
id-3002,mother
id-3003,mother
id-3004,mother
id-3005,mother
id-3006,mother
id-3007,mother
id-3008,mother
id-3009,mother
id-3010,mother
id-3011,mother
id-3012,mother
id-3013,mother
id-3014,father
id-3015,mother
id-3016,mother
id-3017,mother
id-3018,mother
id-3019,mother
id-3020,mother
id-3021,mother
id-3022,mother
id-3023,mother
id-3024,mother
id-3025,mother
id-3026,mother
id-3027,mother
id-3028,father
id-3029,mother
id-3030,mother
id-3031,mother
id-3032,mother
id-3033,mother
id-3034,mother
id-3035,mother
id-3036,mother
id-3037,mother
id-3038,mother
id-3039,mother
id-3040,mother
id-3041,mother
id-3042,mother
id-3043,mother
id-3044,mother
id-3045,original_language_of_film_or_TV_show
id-3046,original_language_of_film_or_TV_show
id-3047,original_language_of_film_or_TV_show
id-3048,original_language_of_film_or_TV_show
id-3049,original_language_of_film_or_TV_show
id-3050,original_language_of_film_or_TV_show
id-3051,original_language_of_film_or_TV_show
id-3052,original_language_of_film_or_TV_show
id-3053,original_language_of_film_or_TV_show
id-3054,original_language_of_film_or_TV_show
id-3055,original_language_of_film_or_TV_show
id-3056,original_language_of_film_or_TV_show
id-3057,original_language_of_film_or_TV_show
id-3058,original_language_of_film_or_TV_show
id-3059,original_language_of_film_or_TV_show
id-3060,original_language_of_film_or_TV_show
id-3061,original_language_of_film_or_TV_show
id-3062,original_language_of_film_or_TV_show
id-3063,original_language_of_film_or_TV_show
id-3064,original_language_of_film_or_TV_show
id-3065,original_language_of_film_or_TV_show
id-3066,original_language_of_film_or_TV_show
id-3067,original_language_of_film_or_TV_show
id-3068,original_language_of_film_or_TV_show
id-3069,original_language_of_film_or_TV_show
id-3070,original_language_of_film_or_TV_show
id-3071,original_language_of_film_or_TV_show
id-3072,original_language_of_film_or_TV_show
id-3073,original_language_of_film_or_TV_show
id-3074,original_language_of_film_or_TV_show
id-3075,original_language_of_film_or_TV_show
id-3076,original_language_of_film_or_TV_show
id-3077,original_language_of_film_or_TV_show
id-3078,original_language_of_film_or_TV_show
id-3079,original_language_of_film_or_TV_show
id-3080,original_language_of_film_or_TV_show
id-3081,original_language_of_film_or_TV_show
id-3082,original_language_of_film_or_TV_show
id-3083,original_language_of_film_or_TV_show
id-3084,original_language_of_film_or_TV_show
id-3085,original_language_of_film_or_TV_show
id-3086,original_language_of_film_or_TV_show
id-3087,original_language_of_film_or_TV_show
id-3088,original_language_of_film_or_TV_show
id-3089,original_language_of_film_or_TV_show
id-3090,original_language_of_film_or_TV_show
id-3091,original_language_of_film_or_TV_show
id-3092,original_language_of_film_or_TV_show
id-3093,original_language_of_film_or_TV_show
id-3094,original_language_of_film_or_TV_show
id-3095,original_language_of_film_or_TV_show
id-3096,original_language_of_film_or_TV_show
id-3097,original_language_of_film_or_TV_show
id-3098,original_language_of_film_or_TV_show
id-3099,original_language_of_film_or_TV_show
id-3100,original_language_of_film_or_TV_show
id-3101,original_language_of_film_or_TV_show
id-3102,original_language_of_film_or_TV_show
id-3103,original_language_of_film_or_TV_show
id-3104,original_language_of_film_or_TV_show
id-3105,original_language_of_film_or_TV_show
id-3106,original_language_of_film_or_TV_show
id-3107,original_language_of_film_or_TV_show
id-3108,original_language_of_film_or_TV_show
id-3109,original_language_of_film_or_TV_show
id-3110,original_language_of_film_or_TV_show
id-3111,original_language_of_film_or_TV_show
id-3112,original_language_of_film_or_TV_show
id-3113,original_language_of_film_or_TV_show
id-3114,original_language_of_film_or_TV_show
id-3115,original_language_of_film_or_TV_show
id-3116,original_language_of_film_or_TV_show
id-3117,original_language_of_film_or_TV_show
id-3118,original_language_of_film_or_TV_show
id-3119,original_language_of_film_or_TV_show
id-3120,original_language_of_film_or_TV_show
id-3121,original_language_of_film_or_TV_show
id-3122,original_language_of_film_or_TV_show
id-3123,original_language_of_film_or_TV_show
id-3124,original_language_of_film_or_TV_show
id-3125,original_language_of_film_or_TV_show
id-3126,original_language_of_film_or_TV_show
id-3127,original_language_of_film_or_TV_show
id-3128,original_language_of_film_or_TV_show
id-3129,original_language_of_film_or_TV_show
id-3130,original_language_of_film_or_TV_show
id-3131,original_language_of_film_or_TV_show
id-3132,original_language_of_film_or_TV_show
id-3133,original_language_of_film_or_TV_show
id-3134,original_language_of_film_or_TV_show
id-3135,original_language_of_film_or_TV_show
id-3136,original_language_of_film_or_TV_show
id-3137,original_language_of_film_or_TV_show
id-3138,original_language_of_film_or_TV_show
id-3139,original_language_of_film_or_TV_show
id-3140,original_language_of_film_or_TV_show
id-3141,original_language_of_film_or_TV_show
id-3142,original_language_of_film_or_TV_show
id-3143,original_language_of_film_or_TV_show
id-3144,original_language_of_film_or_TV_show
id-3145,original_language_of_film_or_TV_show
id-3146,original_language_of_film_or_TV_show
id-3147,original_language_of_film_or_TV_show
id-3148,original_language_of_film_or_TV_show
id-3149,original_language_of_film_or_TV_show
id-3150,original_language_of_film_or_TV_show
id-3151,original_language_of_film_or_TV_show
id-3152,original_language_of_film_or_TV_show
id-3153,original_language_of_film_or_TV_show
id-3154,original_language_of_film_or_TV_show
id-3155,original_language_of_film_or_TV_show
id-3156,original_language_of_film_or_TV_show
id-3157,original_language_of_film_or_TV_show
id-3158,original_language_of_film_or_TV_show
id-3159,original_language_of_film_or_TV_show
id-3160,original_language_of_film_or_TV_show
id-3161,original_language_of_film_or_TV_show
id-3162,original_language_of_film_or_TV_show
id-3163,original_language_of_film_or_TV_show
id-3164,original_language_of_film_or_TV_show
id-3165,original_language_of_film_or_TV_show
id-3166,original_language_of_film_or_TV_show
id-3167,original_language_of_film_or_TV_show
id-3168,original_language_of_film_or_TV_show
id-3169,original_language_of_film_or_TV_show
id-3170,original_language_of_film_or_TV_show
id-3171,original_language_of_film_or_TV_show
id-3172,original_language_of_film_or_TV_show
id-3173,original_language_of_film_or_TV_show
id-3174,original_language_of_film_or_TV_show
id-3175,original_language_of_film_or_TV_show
id-3176,original_language_of_film_or_TV_show
id-3177,original_language_of_film_or_TV_show
id-3178,original_language_of_film_or_TV_show
id-3179,original_language_of_film_or_TV_show
id-3180,original_language_of_film_or_TV_show
id-3181,original_language_of_film_or_TV_show
id-3182,founded_by
id-3183,founded_by
id-3184,founded_by
id-3185,founded_by
id-3186,founded_by
id-3187,founded_by
id-3188,director
id-3189,founded_by
id-3190,founded_by
id-3191,founded_by
id-3192,founded_by
id-3193,founded_by
id-3194,founded_by
id-3195,founded_by
id-3196,founded_by
id-3197,founded_by
id-3198,founded_by
id-3199,founded_by
id-3200,founded_by
id-3201,founded_by
id-3202,founded_by
id-3203,founded_by
id-3204,founded_by
id-3205,founded_by
id-3206,founded_by
id-3207,founded_by
id-3208,founded_by
id-3209,founded_by
id-3210,founded_by
id-3211,founded_by
id-3212,founded_by
id-3213,founded_by
id-3214,founded_by
id-3215,founded_by
id-3216,founded_by
id-3217,founded_by
id-3218,founded_by
id-3219,founded_by
id-3220,founded_by
id-3221,founded_by
id-3222,founded_by
id-3223,founded_by
id-3224,founded_by
id-3225,founded_by
id-3226,founded_by
id-3227,parent_organization
id-3228,founded_by
id-3229,founded_by
id-3230,founded_by
id-3231,founded_by
id-3232,founded_by
id-3233,founded_by
id-3234,founded_by
id-3235,founded_by
id-3236,founded_by
id-3237,founded_by
id-3238,founded_by
id-3239,founded_by
id-3240,founded_by
id-3241,founded_by
id-3242,founded_by
id-3243,founded_by
id-3244,founded_by
id-3245,founded_by
id-3246,founded_by
id-3247,founded_by
id-3248,founded_by
id-3249,founded_by
id-3250,founded_by
id-3251,founded_by
id-3252,founded_by
id-3253,founded_by
id-3254,founded_by
id-3255,founded_by
id-3256,founded_by
id-3257,founded_by
id-3258,founded_by
id-3259,founded_by
id-3260,founded_by
id-3261,founded_by
id-3262,founded_by
id-3263,founded_by
id-3264,founded_by
id-3265,founded_by
id-3266,founded_by
id-3267,founded_by
id-3268,child
id-3269,founded_by
id-3270,founded_by
id-3271,founded_by
id-3272,founded_by
id-3273,founded_by
id-3274,founded_by
id-3275,founded_by
id-3276,founded_by
id-3277,founded_by
id-3278,winner
id-3279,winner
id-3280,winner
id-3281,winner
id-3282,winner
id-3283,winner
id-3284,winner
id-3285,winner
id-3286,winner
id-3287,winner
id-3288,winner
id-3289,winner
id-3290,winner
id-3291,winner
id-3292,winner
id-3293,winner
id-3294,winner
id-3295,winner
id-3296,winner
id-3297,winner
id-3298,winner
id-3299,winner
id-3300,winner
id-3301,winner
id-3302,winner
id-3303,winner
id-3304,winner
id-3305,winner
id-3306,winner
id-3307,winner
id-3308,winner
id-3309,winner
id-3310,winner
id-3311,winner
id-3312,winner
id-3313,winner
id-3314,winner
id-3315,winner
id-3316,winner
id-3317,winner
id-3318,winner
id-3319,winner
id-3320,founded_by
id-3321,winner
id-3322,winner
id-3323,winner
id-3324,winner
id-3325,winner
id-3326,winner
id-3327,winner
id-3328,winner
id-3329,winner
id-3330,winner
id-3331,winner
id-3332,winner
id-3333,winner
id-3334,winner
id-3335,winner
id-3336,winner
id-3337,winner
id-3338,winner
id-3339,winner
id-3340,winner
id-3341,winner
id-3342,winner
id-3343,winner
id-3344,winner
id-3345,winner
id-3346,winner
id-3347,winner
id-3348,winner
id-3349,winner
id-3350,winner
id-3351,winner
id-3352,winner
id-3353,winner
id-3354,subsidiary
id-3355,winner
id-3356,winner
id-3357,winner
id-3358,winner
id-3359,winner
id-3360,winner
id-3361,winner
id-3362,winner
id-3363,winner
id-3364,winner
id-3365,winner
id-3366,winner
id-3367,winner
id-3368,winner
id-3369,nominated_for
id-3370,nominated_for
id-3371,nominated_for
id-3372,award_received
id-3373,nominated_for
id-3374,award_received
id-3375,nominated_for
id-3376,nominated_for
id-3377,award_received
id-3378,nominated_for
id-3379,nominated_for
id-3380,nominated_for
id-3381,nominated_for
id-3382,award_received
id-3383,nominated_for
id-3384,nominated_for
id-3385,nominated_for
id-3386,nominated_for
id-3387,nominated_for