Id;Relations;;;;;;;;
0;spouse;;;;;;;;
1;director;;;;;;;;
2;winner;;;;;;;;
3;mother;;;;;;;;
4;tributary;;;;;;;;
5;original_language_of_film_or_TV_show;;;;;;;;
6;director;;;;;;;;
7;parent_organization;;;;;;;;
8;parent_organization;;;;;;;;
9;father;;;;;;;;
10;founded_by;;;;;;;;
11;position_held;;;;;;;;
12;director;;;;;;;;
13;participant;;;;;;;;
14;tributary;;;;;;;;
15;parent_organization;;;;;;;;
16;employer;;;;;;;;
17;spouse;;;;;;;;
18;mother;;;;;;;;
19;director;;;;;;;;
20;;;;;;;;;
21;founded_by;;;;;;;;
22;participant;;;;;;;;
23;founded_by;;;;;;;;
24;director;;;;;;;;
25;occupation;;;;;;;;
26;original_language_of_film_or_TV_show;;;;;;;;
27;mother;;;;;;;;
28;capital;;;;;;;;
29;participant;;;;;;;;
30;director;;;;;;;;
31;father;;;;;;;;
32;spouse;;;;;;;;
33;capital;;;;;;;;
34;employer;;;;;;;;
35;director;;;;;;;;
36;father;;;;;;;;
37;director;;;;;;;;
38;director;;;;;;;;
39;original_language_of_film_or_TV_show;;;;;;;;
40;spouse;;;;;;;;
41;employer;;;;;;;;
42;father;;;;;;;;
43;mother;;;;;;;;
44;position_held;;;;;;;;
45;position_held;;;;;;;;
46;father;;;;;;;;
47;father;;;;;;;;
48;sibling;;;;;;;;
49;founded_by;;;;;;;;
50;director;;;;;;;;
51;tributary;;;;;;;;
52;child;;;;;;;;
53;sport;;;;;;;;
54;spouse;;;;;;;;
55;director;;;;;;;;
56;spouse;;;;;;;;
57;founded_by;;;;;;;;
58;position_held;;;;;;;;
59;child;;;;;;;;
60;director;;;;;;;;
61;tributary;;;;;;;;
62;director;;;;;;;;
63;father;;;;;;;;
64;award_received;;;;;;;;
65;director;;;;;;;;
66;capital_of;;;;;;;;
67;occupation;;;;;;;;
68;sport;;;;;;;;
69;place_of_birth;;;;;;;;
70;sibling;;;;;;;;
71;parent_organization;;;;;;;;
72;director;;;;;;;;
73;spouse;;;;;;;;
74;child;;;;;;;;
75;participant;;;;;;;;
76;mother;;;;;;;;
77;mother;;;;;;;;
78;father;;;;;;;;
79;child;;;;;;;;
80;child;;;;;;;;
81;mother;;;;;;;;
82;;;;;;;;;
83;child;;;;;;;;
84;director;;;;;;;;
85;occupation;;;;;;;;
86;parent_organization;;;;;;;;
87;student_of;;;;;;;;
88;director;;;;;;;;
89;mother;;;;;;;;
90;director;;;;;;;;
91;participant;;;;;;;;
92;;;;;;;;;
93;winner;;;;;;;;
94;award_received;;;;;;;;
95;spouse;;;;;;;;
96;father;;;;;;;;
97;occupation;;;;;;;;
98;capital;;;;;;;;
99;student_of;;;;;;;;
100;mother;;;;;;;;
101;place_of_death;;;;;;;;
102;founded_by;;;;;;;;
103;parent_organization;;;;;;;;
104;sibling;;;;;;;;
105;position_held;;;;;;;;
106;;;;;;;;;
107;occupation;;;;;;;;
108;sibling;;;;;;;;
109;sibling;;;;;;;;
110;child;;;;;;;;
111;child;;;;;;;;
112;director;;;;;;;;
113;tributary;;;;;;;;
114;place_of_birth;;;;;;;;
115;student_of;;;;;;;;
116;founded_by;;;;;;;;
117;director;;;;;;;;
118;spouse;;;;;;;;
119;discoverer_or_inventor;;;;;;;;
120;mother;;;;;;;;
121;tributary;;;;;;;;
122;occupation;;;;;;;;
123;;;;;;;;;
124;founded_by;;;;;;;;
125;capital;;;;;;;;
126;occupation;;;;;;;;
127;;;;;;;;;
128;award_received;;;;;;;;
129;student_of;;;;;;;;
130;;;;;;;;;
131;father;;;;;;;;
132;position_held;;;;;;;;
133;position_held;;;;;;;;
134;child;;;;;;;;
135;tributary;;;;;;;;
136;winner;;;;;;;;
137;child;;;;;;;;
138;director;;;;;;;;
139;participant;;;;;;;;
140;sport;;;;;;;;
141;director;;;;;;;;
142;father;;;;;;;;
143;spouse;;;;;;;;
144;capital;;;;;;;;
145;capital;;;;;;;;
146;discoverer_or_inventor;;;;;;;;
147;father;;;;;;;;
148;winner;;;;;;;;
149;child;;;;;;;;
150;spouse;;;;;;;;
151;sport;;;;;;;;
152;founded_by;;;;;;;;
153;director;;;;;;;;
154;capital;;;;;;;;
155;occupation;;;;;;;;
156;employer;;;;;;;;
157;award_received;;;;;;;;
158;spouse;;;;;;;;
159;director;;;;;;;;
160;mother;;;;;;;;
161;child;;;;;;;;
162;child;;;;;;;;
163;director;;;;;;;;
164;position_held;;;;;;;;
165;father;;;;;;;;
166;place_of_death;;;;;;;;
167;place_of_birth;;;;;;;;
168;director;;;;;;;;
169;founded_by;;;;;;;;
170;director;;;;;;;;
171;director;;;;;;;;
172;sport;;;;;;;;
173;capital;;;;;;;;
174;sport;;;;;;;;
175;award_received;;;;;;;;
176;position_held;;;;;;;;
177;;;;;;;;;
178;discoverer_or_inventor;;;;;;;;
179;father;;;;;;;;
180;sport;;;;;;;;
181;sibling;;;;;;;;
182;position_held;;;;;;;;
183;sport;;;;;;;;
184;director;;;;;;;;
185;award_received;;;;;;;;
186;director;;;;;;;;
187;capital;;;;;;;;
188;position_held;;;;;;;;
189;award_received;;;;;;;;
190;original_language_of_film_or_TV_show;;;;;;;;
191;;;;;;;;;
192;sport;;;;;;;;
193;mother;;;;;;;;
194;employer;;;;;;;;
195;spouse;;;;;;;;
196;award_received;;;;;;;;
197;director;;;;;;;;
198;sibling;;;;;;;;
199;founded_by;;;;;;;;
200;spouse;;;;;;;;
201;father;;;;;;;;
202;employer;;;;;;;;
203;mother;;;;;;;;
204;;;;;;;;;
205;position_held;;;;;;;;
206;place_of_birth;;;;;;;;
207;capital_of;;;;;;;;
208;award_received;;;;;;;;
209;child;;;;;;;;
210;original_language_of_film_or_TV_show;;;;;;;;
211;father;;;;;;;;
212;winner;;;;;;;;
213;discoverer_or_inventor;;;;;;;;
214;capital;;;;;;;;
215;;;;;;;;;
216;capital;;;;;;;;
217;director;;;;;;;;
218;director;;;;;;;;
219;employer;;;;;;;;
220;director;;;;;;;;
221;position_held;;;;;;;;
222;sport;;;;;;;;
223;director;;;;;;;;
224;sibling;;;;;;;;
225;employer;;;;;;;;
226;director;;;;;;;;
227;award_received;;;;;;;;
228;parent_organization;;;;;;;;
229;place_of_birth;;;;;;;;
230;child;;;;;;;;
231;spouse;;;;;;;;
232;winner;;;;;;;;
233;child;;;;;;;;
234;place_of_death;;;;;;;;
235;tributary;;;;;;;;
236;child;;;;;;;;
237;director;;;;;;;;
238;director;;;;;;;;
239;place_of_death;;;;;;;;
240;occupation;;;;;;;;
241;original_language_of_film_or_TV_show;;;;;;;;
242;place_of_birth;;;;;;;;
243;capital;;;;;;;;
244;director;;;;;;;;
245;father;;;;;;;;
246;tributary;;;;;;;;
247;child;;;;;;;;
248;spouse;;;;;;;;
249;director;;;;;;;;
250;discoverer_or_inventor;;;;;;;;
251;place_of_birth;;;;;;;;
252;discoverer_or_inventor;;;;;;;;
253;child;;;;;;;;
254;founded_by;;;;;;;;
255;sport;;;;;;;;
256;sport;;;;;;;;
257;employer;;;;;;;;
258;child;;;;;;;;
259;spouse;;;;;;;;
260;spouse;;;;;;;;
261;director;;;;;;;;
262;director;;;;;;;;
263;spouse;;;;;;;;
264;sport;;;;;;;;
265;original_language_of_film_or_TV_show;;;;;;;;
266;spouse;;;;;;;;
267;director;;;;;;;;
268;employer;;;;;;;;
269;spouse;;;;;;;;
270;original_language_of_film_or_TV_show;;;;;;;;
271;father;;;;;;;;
272;director;;;;;;;;
273;participant;;;;;;;;
274;place_of_death;;;;;;;;
275;sport;;;;;;;;
276;father;;;;;;;;
277;father;;;;;;;;
278;winner;;;;;;;;
279;employer;;;;;;;;
280;sibling;;;;;;;;
281;sibling;;;;;;;;
282;director;;;;;;;;
283;;;;;;;;;
284;position_held;;;;;;;;
285;;;;;;;;;
286;discoverer_or_inventor;;;;;;;;
287;employer;;;;;;;;
288;sport;;;;;;;;
289;position_held;;;;;;;;
290;parent_organization;;;;;;;;
291;winner;;;;;;;;
292;spouse;;;;;;;;
293;father;;;;;;;;
294;student_of;;;;;;;;
295;employer;;;;;;;;
296;;;;;;;;;
297;original_language_of_film_or_TV_show;;;;;;;;
298;child;;;;;;;;
299;parent_organization;;;;;;;;
300;father;;;;;;;;
301;director;;;;;;;;
302;position_held;;;;;;;;
303;discoverer_or_inventor;;;;;;;;
304;child;;;;;;;;
305;parent_organization;;;;;;;;
306;participant;;;;;;;;
307;sport;;;;;;;;
308;parent_organization;;;;;;;;
309;discoverer_or_inventor;;;;;;;;
310;father;;;;;;;;
311;founded_by;;;;;;;;
312;employer;;;;;;;;
313;spouse;;;;;;;;
314;parent_organization;;;;;;;;
315;award_received;;;;;;;;
316;sport;;;;;;;;
317;child;;;;;;;;
318;award_received;;;;;;;;
319;place_of_birth;;;;;;;;
320;discoverer_or_inventor;;;;;;;;
321;spouse;;;;;;;;
322;position_held;;;;;;;;
323;employer;;;;;;;;
324;sport;;;;;;;;
325;director;;;;;;;;
326;winner;;;;;;;;
327;director;;;;;;;;
328;director;;;;;;;;
329;spouse;;;;;;;;
330;father;;;;;;;;
331;parent_organization;;;;;;;;
332;sibling;;;;;;;;
333;father;;;;;;;;
334;participant;;;;;;;;
335;participant;;;;;;;;
336;place_of_birth;;;;;;;;
337;mother;;;;;;;;
338;child;;;;;;;;
339;director;;;;;;;;
340;sport;;;;;;;;
341;place_of_birth;;;;;;;;
342;place_of_birth;;;;;;;;
343;discoverer_or_inventor;;;;;;;;
344;employer;;;;;;;;
345;spouse;;;;;;;;
346;father;;;;;;;;
347;capital_of;;;;;;;;
348;original_language_of_film_or_TV_show;;;;;;;;
349;director;;;;;;;;
350;spouse;;;;;;;;
351;discoverer_or_inventor;;;;;;;;
352;winner;;;;;;;;
353;father;;;;;;;;
354;child;;;;;;;;
355;parent_organization;;;;;;;;
356;capital;;;;;;;;
357;sport;;;;;;;;
358;award_received;;;;;;;;
359;child;;;;;;;;
360;child;;;;;;;;
361;capital;;;;;;;;
362;founded_by;;;;;;;;
363;sport;;;;;;;;
364;participant;;;;;;;;
365;director;;;;;;;;
366;mother;;;;;;;;
367;winner;;;;;;;;
368;mother;;;;;;;;
369;sport;;;;;;;;
370;child;;;;;;;;
371;spouse;;;;;;;;
372;sibling;;;;;;;;
373;discoverer_or_inventor;;;;;;;;
374;child;;;;;;;;
375;mother;;;;;;;;
376;original_language_of_film_or_TV_show;;;;;;;;
377;father;;;;;;;;
378;director;;;;;;;;
379;director;;;;;;;;
380;director;;;;;;;;
381;father;;;;;;;;
382;capital_of;;;;;;;;
383;spouse;;;;;;;;
384;spouse;;;;;;;;
385;spouse;;;;;;;;
386;director;;;;;;;;
387;father;;;;;;;;
388;;;;;;;;;
389;position_held;;;;;;;;
390;mother;;;;;;;;
391;place_of_birth;;;;;;;;
392;child;;;;;;;;
393;occupation;;;;;;;;
394;father;;;;;;;;
395;mother;;;;;;;;
396;sport;;;;;;;;
397;spouse;;;;;;;;
398;winner;;;;;;;;
399;sport;;;;;;;;
400;parent_organization;;;;;;;;
401;capital;;;;;;;;
402;original_language_of_film_or_TV_show;;;;;;;;
403;director;;;;;;;;
404;child;;;;;;;;
405;position_held;;;;;;;;
406;discoverer_or_inventor;;;;;;;;
407;place_of_birth;;;;;;;;
408;original_language_of_film_or_TV_show;;;;;;;;
409;director;;;;;;;;
410;director;;;;;;;;
411;tributary;;;;;;;;
412;child;;;;;;;;
413;winner;;;;;;;;
414;participant;;;;;;;;
415;sport;;;;;;;;
416;father;;;;;;;;
417;parent_organization;;;;;;;;
418;sport;;;;;;;;
419;original_language_of_film_or_TV_show;;;;;;;;
420;employer;;;;;;;;
421;father;;;;;;;;
422;award_received;;;;;;;;
423;spouse;;;;;;;;
424;;;;;;;;;
425;director;;;;;;;;
426;director;;;;;;;;
427;award_received;;;;;;;;
428;participant;;;;;;;;
429;sibling;;;;;;;;
430;capital;;;;;;;;
431;mother;;;;;;;;
432;participant;;;;;;;;
433;spouse;;;;;;;;
434;spouse;;;;;;;;
435;director;;;;;;;;
436;award_received;;;;;;;;
437;director;;;;;;;;
438;director;;;;;;;;
439;father;;;;;;;;
440;;;;;;;;;
441;founded_by;;;;;;;;
442;original_language_of_film_or_TV_show;;;;;;;;
443;father;;;;;;;;
444;mother;;;;;;;;
445;student_of;;;;;;;;
446;spouse;;;;;;;;
447;tributary;;;;;;;;
448;employer;;;;;;;;
449;spouse;;;;;;;;
450;mother;;;;;;;;
451;director;;;;;;;;
452;winner;;;;;;;;
453;sport;;;;;;;;
454;spouse;;;;;;;;
455;tributary;;;;;;;;
456;director;;;;;;;;
457;director;;;;;;;;
458;child;;;;;;;;
459;sport;;;;;;;;
460;spouse;;;;;;;;
461;;;;;;;;;
462;capital_of;;;;;;;;
463;sibling;;;;;;;;
464;parent_organization;;;;;;;;
465;director;;;;;;;;
466;parent_organization;;;;;;;;
467;director;;;;;;;;
468;award_received;;;;;;;;
469;winner;;;;;;;;
470;place_of_death;;;;;;;;
471;award_received;;;;;;;;
472;founded_by;;;;;;;;
473;;;;;;;;;
474;director;;;;;;;;
475;capital_of;;;;;;;;
476;director;;;;;;;;
477;parent_organization;;;;;;;;
478;founded_by;;;;;;;;
479;founded_by;;;;;;;;
480;sport;;;;;;;;
481;capital;;;;;;;;
482;student_of;;;;;;;;
483;;;;;;;;;
484;occupation;;;;;;;;
485;parent_organization;;;;;;;;
486;mother;;;;;;;;
487;discoverer_or_inventor;;;;;;;;
488;founded_by;;;;;;;;
489;discoverer_or_inventor;;;;;;;;
490;capital;;;;;;;;
491;director;;;;;;;;
492;sport;;;;;;;;
493;parent_organization;;;;;;;;
494;sport;;;;;;;;
495;director;;;;;;;;
496;child;;;;;;;;
497;sibling;;;;;;;;
498;award_received;;;;;;;;
499;award_received;;;;;;;;
500;director;;;;;;;;
501;child;;;;;;;;
502;sport;;;;;;;;
503;father;;;;;;;;
504;sibling;;;;;;;;
505;tributary;;;;;;;;
506;place_of_death;;;;;;;;
507;father;;;;;;;;
508;mother;;;;;;;;
509;;;;;;;;;
510;occupation;;;;;;;;
511;mother;;;;;;;;
512;occupation;;;;;;;;
513;sport;;;;;;;;
514;director;;;;;;;;
515;;;;;;;;;
516;sport;;;;;;;;
517;mother;;;;;;;;
518;;;;;;;;;
519;mother;;;;;;;;
520;mother;;;;;;;;
521;capital;;;;;;;;
522;;;;;;;;;
523;place_of_death;;;;;;;;
524;occupation;;;;;;;;
525;discoverer_or_inventor;;;;;;;;
526;award_received;;;;;;;;
527;mother;;;;;;;;
528;father;;;;;;;;
529;sport;;;;;;;;
530;director;;;;;;;;
531;winner;;;;;;;;
532;director;;;;;;;;
533;capital_of;;;;;;;;
534;sibling;;;;;;;;
535;discoverer_or_inventor;;;;;;;;
536;mother;;;;;;;;
537;discoverer_or_inventor;;;;;;;;
538;position_held;;;;;;;;
539;place_of_birth;;;;;;;;
540;spouse;;;;;;;;
541;award_received;;;;;;;;
542;award_received;;;;;;;;
543;parent_organization;;;;;;;;
544;sibling;;;;;;;;
545;tributary;;;;;;;;
546;mother;;;;;;;;
547;parent_organization;;;;;;;;
548;sport;;;;;;;;
549;sport;;;;;;;;
550;director;;;;;;;;
551;founded_by;;;;;;;;
552;child;;;;;;;;
553;sport;;;;;;;;
554;capital_of;;;;;;;;
555;parent_organization;;;;;;;;
556;director;;;;;;;;
557;discoverer_or_inventor;;;;;;;;
558;tributary;;;;;;;;
559;director;;;;;;;;
560;sport;;;;;;;;
561;spouse;;;;;;;;
562;sport;;;;;;;;
563;child;;;;;;;;
564;employer;;;;;;;;
565;mother;;;;;;;;
566;position_held;;;;;;;;
567;spouse;;;;;;;;
568;winner;;;;;;;;
569;father;;;;;;;;
570;;;;;;;;;
571;sport;;;;;;;;
572;child;;;;;;;;
573;director;;;;;;;;
574;winner;;;;;;;;
575;mother;;;;;;;;
576;place_of_birth;;;;;;;;
577;director;;;;;;;;
578;participant;;;;;;;;
579;mother;;;;;;;;
580;winner;;;;;;;;
581;director;;;;;;;;
582;spouse;;;;;;;;
583;director;;;;;;;;
584;participant;;;;;;;;
585;place_of_birth;;;;;;;;
586;participant;;;;;;;;
587;founded_by;;;;;;;;
588;place_of_birth;;;;;;;;
589;founded_by;;;;;;;;
590;sport;;;;;;;;
591;employer;;;;;;;;
592;occupation;;;;;;;;
593;employer;;;;;;;;
594;award_received;;;;;;;;
595;;;;;;;;;
596;occupation;;;;;;;;
597;director;;;;;;;;
598;capital;;;;;;;;
599;sport;;;;;;;;
600;director;;;;;;;;
601;sport;;;;;;;;
602;parent_organization;;;;;;;;
603;parent_organization;;;;;;;;
604;capital;;;;;;;;
605;founded_by;;;;;;;;
606;father;;;;;;;;
607;mother;;;;;;;;
608;employer;;;;;;;;
609;sport;;;;;;;;
610;founded_by;;;;;;;;
611;director;;;;;;;;
612;director;;;;;;;;
613;place_of_death;;;;;;;;
614;mother;;;;;;;;
615;position_held;;;;;;;;
616;original_language_of_film_or_TV_show;;;;;;;;
617;child;;;;;;;;
618;winner;;;;;;;;
619;capital;;;;;;;;
620;parent_organization;;;;;;;;
621;student_of;;;;;;;;
622;child;;;;;;;;
623;spouse;;;;;;;;
624;place_of_death;;;;;;;;
625;director;;;;;;;;
626;sport;;;;;;;;
627;student_of;;;;;;;;
628;participant;;;;;;;;
629;student_of;;;;;;;;
630;capital;;;;;;;;
631;;;;;;;;;
632;award_received;;;;;;;;
633;director;;;;;;;;
634;discoverer_or_inventor;;;;;;;;
635;spouse;;;;;;;;
636;occupation;;;;;;;;
637;employer;;;;;;;;
638;position_held;;;;;;;;
639;employer;;;;;;;;
640;award_received;;;;;;;;
641;;;;;;;;;
642;discoverer_or_inventor;;;;;;;;
643;capital;;;;;;;;
644;mother;;;;;;;;
645;spouse;;;;;;;;
646;winner;;;;;;;;
647;parent_organization;;;;;;;;
648;discoverer_or_inventor;;;;;;;;
649;sibling;;;;;;;;
650;director;;;;;;;;
651;director;;;;;;;;
652;award_received;;;;;;;;
653;father;;;;;;;;
654;sibling;;;;;;;;
655;sport;;;;;;;;
656;award_received;;;;;;;;
657;award_received;;;;;;;;
658;award_received;;;;;;;;
659;child;;;;;;;;
660;spouse;;;;;;;;
661;parent_organization;;;;;;;;
662;director;;;;;;;;
663;father;;;;;;;;
664;spouse;;;;;;;;
665;occupation;;;;;;;;
666;place_of_death;;;;;;;;
667;director;;;;;;;;
668;sibling;;;;;;;;
669;spouse;;;;;;;;
670;director;;;;;;;;
671;child;;;;;;;;
672;spouse;;;;;;;;
673;mother;;;;;;;;
674;position_held;;;;;;;;
675;place_of_birth;;;;;;;;
676;mother;;;;;;;;
677;student_of;;;;;;;;
678;sport;;;;;;;;
679;tributary;;;;;;;;
680;sport;;;;;;;;
681;parent_organization;;;;;;;;
682;original_language_of_film_or_TV_show;;;;;;;;
683;father;;;;;;;;
684;capital;;;;;;;;
685;capital_of;;;;;;;;
686;participant;;;;;;;;
687;award_received;;;;;;;;
688;father;;;;;;;;
689;mother;;;;;;;;
690;director;;;;;;;;
691;participant;;;;;;;;
692;director;;;;;;;;
693;student_of;;;;;;;;
694;spouse;;;;;;;;
695;sport;;;;;;;;
696;parent_organization;;;;;;;;
697;father;;;;;;;;
698;director;;;;;;;;
699;spouse;;;;;;;;
700;employer;;;;;;;;
701;participant;;;;;;;;
702;mother;;;;;;;;
703;position_held;;;;;;;;
704;place_of_death;;;;;;;;
705;father;;;;;;;;
706;director;;;;;;;;
707;spouse;;;;;;;;
708;original_language_of_film_or_TV_show;;;;;;;;
709;sport;;;;;;;;
710;capital;;;;;;;;
711;sport;;;;;;;;
712;mother;;;;;;;;
713;parent_organization;;;;;;;;
714;director;;;;;;;;
715;employer;;;;;;;;
716;sibling;;;;;;;;
717;tributary;;;;;;;;
718;sibling;;;;;;;;
719;founded_by;;;;;;;;
720;discoverer_or_inventor;;;;;;;;
721;discoverer_or_inventor;;;;;;;;
722;original_language_of_film_or_TV_show;;;;;;;;
723;place_of_birth;;;;;;;;
724;father;;;;;;;;
725;occupation;;;;;;;;
726;founded_by;;;;;;;;
727;winner;;;;;;;;
728;child;;;;;;;;
729;founded_by;;;;;;;;
730;capital;;;;;;;;
731;mother;;;;;;;;
732;capital;;;;;;;;
733;employer;;;;;;;;
734;father;;;;;;;;
735;mother;;;;;;;;
736;capital_of;;;;;;;;
737;spouse;;;;;;;;
738;occupation;;;;;;;;
739;spouse;;;;;;;;
740;director;;;;;;;;
741;director;;;;;;;;
742;discoverer_or_inventor;;;;;;;;
743;father;;;;;;;;
744;winner;;;;;;;;
745;father;;;;;;;;
746;participant;;;;;;;;
747;director;;;;;;;;
748;parent_organization;;;;;;;;
749;director;;;;;;;;
750;award_received;;;;;;;;
751;father;;;;;;;;
752;capital;;;;;;;;
753;sibling;;;;;;;;
754;sport;;;;;;;;
755;award_received;;;;;;;;
756;child;;;;;;;;
757;spouse;;;;;;;;
758;;;;;;;;;
759;director;;;;;;;;
760;occupation;;;;;;;;
761;child;;;;;;;;
762;child;;;;;;;;
763;original_language_of_film_or_TV_show;;;;;;;;
764;original_language_of_film_or_TV_show;;;;;;;;
765;father;;;;;;;;
766;parent_organization;;;;;;;;
767;spouse;;;;;;;;
768;award_received;;;;;;;;
769;father;;;;;;;;
770;participant;;;;;;;;
771;;;;;;;;;
772;spouse;;;;;;;;
773;sport;;;;;;;;
774;sport;;;;;;;;
775;founded_by;;;;;;;;
776;spouse;;;;;;;;
777;occupation;;;;;;;;
778;director;;;;;;;;
779;award_received;;;;;;;;
780;spouse;;;;;;;;
781;director;;;;;;;;
782;child;;;;;;;;
783;employer;;;;;;;;
784;;;;;;;;;
785;director;;;;;;;;
786;father;;;;;;;;
787;award_received;;;;;;;;
788;capital;;;;;;;;
789;father;;;;;;;;
790;director;;;;;;;;
791;director;;;;;;;;
792;mother;;;;;;;;
793;;;;;;;;;
794;spouse;;;;;;;;
795;;;;;;;;;
796;tributary;;;;;;;;
797;place_of_birth;;;;;;;;
798;sport;;;;;;;;
799;original_language_of_film_or_TV_show;;;;;;;;
800;director;;;;;;;;
801;;;;;;;;;
802;;;;;;;;;
803;position_held;;;;;;;;
804;sport;;;;;;;;
805;winner;;;;;;;;
806;spouse;;;;;;;;
807;spouse;;;;;;;;
808;place_of_death;;;;;;;;
809;director;;;;;;;;
810;participant;;;;;;;;
811;position_held;;;;;;;;
812;spouse;;;;;;;;
813;founded_by;;;;;;;;
814;sport;;;;;;;;
815;parent_organization;;;;;;;;
816;award_received;;;;;;;;
817;employer;;;;;;;;
818;position_held;;;;;;;;
819;capital;;;;;;;;
820;director;;;;;;;;
821;position_held;;;;;;;;
822;child;;;;;;;;
823;parent_organization;;;;;;;;
824;winner;;;;;;;;
825;tributary;;;;;;;;
826;award_received;;;;;;;;
827;award_received;;;;;;;;
828;father;;;;;;;;
829;spouse;;;;;;;;
830;tributary;;;;;;;;
831;employer;;;;;;;;
832;spouse;;;;;;;;
833;child;;;;;;;;
834;child;;;;;;;;
835;place_of_birth;;;;;;;;
836;director;;;;;;;;
837;original_language_of_film_or_TV_show;;;;;;;;
838;tributary;;;;;;;;
839;place_of_death;;;;;;;;
840;parent_organization;;;;;;;;
841;parent_organization;;;;;;;;
842;place_of_birth;;;;;;;;
843;sibling;;;;;;;;
844;father;;;;;;;;
845;spouse;;;;;;;;
846;father;;;;;;;;
847;director;;;;;;;;
848;sibling;;;;;;;;
849;capital_of;;;;;;;;
850;sport;;;;;;;;
851;position_held;;;;;;;;
852;discoverer_or_inventor;;;;;;;;
853;child;;;;;;;;
854;director;;;;;;;;
855;sport;;;;;;;;
856;child;;;;;;;;
857;employer;;;;;;;;
858;father;;;;;;;;
859;sport;;;;;;;;
860;director;;;;;;;;
861;sport;;;;;;;;
862;winner;;;;;;;;
863;director;;;;;;;;
864;director;;;;;;;;
865;sport;;;;;;;;
866;occupation;;;;;;;;
867;occupation;;;;;;;;
868;winner;;;;;;;;
869;father;;;;;;;;
870;founded_by;;;;;;;;
871;sport;;;;;;;;
872;father;;;;;;;;
873;tributary;;;;;;;;
874;sport;;;;;;;;
875;father;;;;;;;;
876;director;;;;;;;;
877;father;;;;;;;;
878;student_of;;;;;;;;
879;parent_organization;;;;;;;;
880;parent_organization;;;;;;;;
881;child;;;;;;;;
882;occupation;;;;;;;;
883;place_of_death;;;;;;;;
884;position_held;;;;;;;;
885;award_received;;;;;;;;
886;capital_of;;;;;;;;
887;spouse;;;;;;;;
888;discoverer_or_inventor;;;;;;;;
889;director;;;;;;;;
890;mother;;;;;;;;
891;father;;;;;;;;
892;sibling;;;;;;;;
893;original_language_of_film_or_TV_show;;;;;;;;
894;mother;;;;;;;;
895;original_language_of_film_or_TV_show;;;;;;;;
896;sport;;;;;;;;
897;child;;;;;;;;
898;director;;;;;;;;
899;employer;;;;;;;;
900;employer;;;;;;;;
901;spouse;;;;;;;;
902;;;;;;;;;
903;father;;;;;;;;
904;director;;;;;;;;
905;mother;;;;;;;;
906;occupation;;;;;;;;
907;sport;;;;;;;;
908;position_held;;;;;;;;
909;spouse;;;;;;;;
910;award_received;;;;;;;;
911;spouse;;;;;;;;
912;participant;;;;;;;;
913;discoverer_or_inventor;;;;;;;;
914;original_language_of_film_or_TV_show;;;;;;;;
915;child;;;;;;;;
916;original_language_of_film_or_TV_show;;;;;;;;
917;spouse;;;;;;;;
918;spouse;;;;;;;;
919;parent_organization;;;;;;;;
920;parent_organization;;;;;;;;
921;father;;;;;;;;
922;director;;;;;;;;
923;director;;;;;;;;
924;capital;;;;;;;;
925;mother;;;;;;;;
926;participant;;;;;;;;
927;founded_by;;;;;;;;
928;capital;;;;;;;;
929;father;;;;;;;;
930;sport;;;;;;;;
931;child;;;;;;;;
932;sport;;;;;;;;
933;child;;;;;;;;
934;discoverer_or_inventor;;;;;;;;
935;parent_organization;;;;;;;;
936;mother;;;;;;;;
937;award_received;;;;;;;;
938;mother;;;;;;;;
939;employer;;;;;;;;
940;award_received;;;;;;;;
941;spouse;;;;;;;;
942;father;;;;;;;;
943;sibling;;;;;;;;
944;parent_organization;;;;;;;;
945;child;;;;;;;;
946;sport;;;;;;;;
947;director;;;;;;;;
948;student_of;;;;;;;;
949;award_received;;;;;;;;
950;position_held;;;;;;;;
951;original_language_of_film_or_TV_show;;;;;;;;
952;original_language_of_film_or_TV_show;;;;;;;;
953;sport;;;;;;;;
954;spouse;;;;;;;;
955;director;;;;;;;;
956;sport;;;;;;;;
957;occupation;;;;;;;;
958;mother;;;;;;;;
959;mother;;;;;;;;
960;spouse;;;;;;;;
961;director;;;;;;;;
962;place_of_birth;;;;;;;;
963;place_of_birth;;;;;;;;
964;original_language_of_film_or_TV_show;;;;;;;;
965;sibling;;;;;;;;
966;director;;;;;;;;
967;child;;;;;;;;
968;parent_organization;;;;;;;;
969;father;;;;;;;;
970;director;;;;;;;;
971;child;;;;;;;;
972;child;;;;;;;;
973;tributary;;;;;;;;
974;spouse;;;;;;;;
975;sibling;;;;;;;;
976;original_language_of_film_or_TV_show;;;;;;;;
977;sport;;;;;;;;
978;sibling;;;;;;;;
979;spouse;;;;;;;;
980;parent_organization;;;;;;;;
981;father;;;;;;;;
982;occupation;;;;;;;;
983;spouse;;;;;;;;
984;award_received;;;;;;;;
985;father;;;;;;;;
986;spouse;;;;;;;;
987;sibling;;;;;;;;
988;;;;;;;;;
989;place_of_birth;;;;;;;;
990;spouse;;;;;;;;
991;child;;;;;;;;
992;original_language_of_film_or_TV_show;;;;;;;;
993;parent_organization;;;;;;;;
994;child;;;;;;;;
995;student_of;;;;;;;;
996;discoverer_or_inventor;;;;;;;;
997;director;;;;;;;;
998;mother;;;;;;;;
999;director;;;;;;;;
1000;winner;;;;;;;;
1001;;;;;;;;;
1002;occupation;;;;;;;;
1003;employer;;;;;;;;
1004;sport;;;;;;;;
1005;founded_by;;;;;;;;
1006;director;;;;;;;;
1007;director;;;;;;;;
1008;award_received;;;;;;;;
1009;student_of;;;;;;;;
1010;sibling;;;;;;;;
1011;capital;;;;;;;;
1012;place_of_birth;;;;;;;;
1013;child;;;;;;;;
1014;occupation;;;;;;;;
1015;sibling;;;;;;;;
1016;discoverer_or_inventor;;;;;;;;
1017;discoverer_or_inventor;;;;;;;;
1018;director;;;;;;;;
1019;parent_organization;;;;;;;;
1020;employer;;;;;;;;
1021;father;;;;;;;;
1022;discoverer_or_inventor;;;;;;;;
1023;father;;;;;;;;
1024;spouse;;;;;;;;
1025;mother;;;;;;;;
1026;parent_organization;;;;;;;;
1027;director;;;;;;;;
1028;parent_organization;;;;;;;;
1029;occupation;;;;;;;;
1030;spouse;;;;;;;;
1031;sport;;;;;;;;
1032;position_held;;;;;;;;
1033;founded_by;;;;;;;;
1034;sibling;;;;;;;;
1035;director;;;;;;;;
1036;award_received;;;;;;;;
1037;father;;;;;;;;
1038;mother;;;;;;;;
1039;father;;;;;;;;
1040;sport;;;;;;;;
1041;child;;;;;;;;
1042;discoverer_or_inventor;;;;;;;;
1043;employer;;;;;;;;
1044;mother;;;;;;;;
1045;award_received;;;;;;;;
1046;position_held;;;;;;;;
1047;place_of_death;;;;;;;;
1048;tributary;;;;;;;;
1049;director;;;;;;;;
1050;place_of_birth;;;;;;;;
1051;;;;;;;;;
1052;spouse;;;;;;;;
1053;founded_by;;;;;;;;
1054;father;;;;;;;;
1055;child;;;;;;;;
1056;sibling;;;;;;;;
1057;winner;;;;;;;;
1058;;;;;;;;;
1059;parent_organization;;;;;;;;
1060;place_of_birth;;;;;;;;
1061;director;;;;;;;;
1062;sport;;;;;;;;
1063;mother;;;;;;;;
1064;award_received;;;;;;;;
1065;spouse;;;;;;;;
1066;tributary;;;;;;;;
1067;child;;;;;;;;
1068;sport;;;;;;;;
1069;director;;;;;;;;
1070;child;;;;;;;;
1071;director;;;;;;;;
1072;director;;;;;;;;
1073;director;;;;;;;;
1074;child;;;;;;;;
1075;sibling;;;;;;;;
1076;original_language_of_film_or_TV_show;;;;;;;;
1077;spouse;;;;;;;;
1078;spouse;;;;;;;;
1079;spouse;;;;;;;;
1080;employer;;;;;;;;
1081;director;;;;;;;;
1082;occupation;;;;;;;;
1083;parent_organization;;;;;;;;
1084;sport;;;;;;;;
1085;position_held;;;;;;;;
1086;;;;;;;;;
1087;sibling;;;;;;;;
1088;capital;;;;;;;;
1089;mother;;;;;;;;
1090;mother;;;;;;;;
1091;;;;;;;;;
1092;mother;;;;;;;;
1093;occupation;;;;;;;;
1094;sport;;;;;;;;
1095;parent_organization;;;;;;;;
1096;original_language_of_film_or_TV_show;;;;;;;;
1097;;;;;;;;;
1098;;;;;;;;;
1099;director;;;;;;;;
1100;capital;;;;;;;;
1101;parent_organization;;;;;;;;
1102;director;;;;;;;;
1103;award_received;;;;;;;;
1104;director;;;;;;;;
1105;parent_organization;;;;;;;;
1106;sport;;;;;;;;
1107;father;;;;;;;;
1108;position_held;;;;;;;;
1109;parent_organization;;;;;;;;
1110;spouse;;;;;;;;
1111;mother;;;;;;;;
1112;sibling;;;;;;;;
1113;original_language_of_film_or_TV_show;;;;;;;;
1114;capital_of;;;;;;;;
1115;sibling;;;;;;;;
1116;participant;;;;;;;;
1117;child;;;;;;;;
1118;employer;;;;;;;;
1119;father;;;;;;;;
1120;position_held;;;;;;;;
1121;mother;;;;;;;;
1122;child;;;;;;;;
1123;position_held;;;;;;;;
1124;sport;;;;;;;;
1125;original_language_of_film_or_TV_show;;;;;;;;
1126;mother;;;;;;;;
1127;capital_of;;;;;;;;
1128;participant;;;;;;;;
1129;mother;;;;;;;;
1130;original_language_of_film_or_TV_show;;;;;;;;
1131;discoverer_or_inventor;;;;;;;;
1132;mother;;;;;;;;
1133;mother;;;;;;;;
1134;father;;;;;;;;
1135;place_of_death;;;;;;;;
1136;child;;;;;;;;
1137;capital_of;;;;;;;;
1138;spouse;;;;;;;;
1139;tributary;;;;;;;;
1140;mother;;;;;;;;
1141;position_held;;;;;;;;
1142;sibling;;;;;;;;
1143;director;;;;;;;;
1144;child;;;;;;;;
1145;capital;;;;;;;;
1146;employer;;;;;;;;
1147;employer;;;;;;;;
1148;child;;;;;;;;
1149;father;;;;;;;;
1150;spouse;;;;;;;;
1151;position_held;;;;;;;;
1152;director;;;;;;;;
1153;place_of_death;;;;;;;;
1154;director;;;;;;;;
1155;founded_by;;;;;;;;
1156;sport;;;;;;;;
1157;father;;;;;;;;
1158;mother;;;;;;;;
1159;father;;;;;;;;
1160;child;;;;;;;;
1161;position_held;;;;;;;;
1162;sport;;;;;;;;
1163;;;;;;;;;
1164;sport;;;;;;;;
1165;award_received;;;;;;;;
1166;award_received;;;;;;;;
1167;award_received;;;;;;;;
1168;position_held;;;;;;;;
1169;sport;;;;;;;;
1170;capital_of;;;;;;;;
1171;spouse;;;;;;;;
1172;mother;;;;;;;;
1173;director;;;;;;;;
1174;spouse;;;;;;;;
1175;sibling;;;;;;;;
1176;discoverer_or_inventor;;;;;;;;
1177;sport;;;;;;;;
1178;mother;;;;;;;;
1179;founded_by;;;;;;;;
1180;position_held;;;;;;;;
1181;director;;;;;;;;
1182;occupation;;;;;;;;
1183;director;;;;;;;;
1184;capital;;;;;;;;
1185;father;;;;;;;;
1186;occupation;;;;;;;;
1187;employer;;;;;;;;
1188;sport;;;;;;;;
1189;student_of;;;;;;;;
1190;sport;;;;;;;;
1191;parent_organization;;;;;;;;
1192;mother;;;;;;;;
1193;original_language_of_film_or_TV_show;;;;;;;;
1194;original_language_of_film_or_TV_show;;;;;;;;
1195;discoverer_or_inventor;;;;;;;;
1196;father;;;;;;;;
1197;director;;;;;;;;
1198;position_held;;;;;;;;
1199;father;;;;;;;;
1200;father;;;;;;;;
1201;director;;;;;;;;
1202;;;;;;;;;
1203;capital;;;;;;;;
1204;director;;;;;;;;
1205;parent_organization;;;;;;;;
1206;sport;;;;;;;;
1207;award_received;;;;;;;;
1208;sport;;;;;;;;
1209;occupation;;;;;;;;
1210;father;;;;;;;;
1211;parent_organization;;;;;;;;
1212;parent_organization;;;;;;;;
1213;child;;;;;;;;
1214;;;;;;;;;
1215;sport;;;;;;;;
1216;employer;;;;;;;;
1217;capital_of;;;;;;;;
1218;award_received;;;;;;;;
1219;parent_organization;;;;;;;;
1220;father;;;;;;;;
1221;child;;;;;;;;
1222;position_held;;;;;;;;
1223;director;;;;;;;;
1224;child;;;;;;;;
1225;father;;;;;;;;
1226;employer;;;;;;;;
1227;place_of_death;;;;;;;;
1228;director;;;;;;;;
1229;spouse;;;;;;;;
1230;parent_organization;;;;;;;;
1231;child;;;;;;;;
1232;discoverer_or_inventor;;;;;;;;
1233;father;;;;;;;;
1234;capital;;;;;;;;
1235;position_held;;;;;;;;
1236;participant;;;;;;;;
1237;director;;;;;;;;
1238;place_of_birth;;;;;;;;
1239;original_language_of_film_or_TV_show;;;;;;;;
1240;sibling;;;;;;;;
1241;child;;;;;;;;
1242;parent_organization;;;;;;;;
1243;mother;;;;;;;;
1244;capital;;;;;;;;
1245;capital;;;;;;;;
1246;child;;;;;;;;
1247;founded_by;;;;;;;;
1248;father;;;;;;;;
1249;award_received;;;;;;;;
1250;spouse;;;;;;;;
1251;position_held;;;;;;;;
1252;parent_organization;;;;;;;;
1253;award_received;;;;;;;;
1254;sport;;;;;;;;
1255;capital_of;;;;;;;;
1256;spouse;;;;;;;;
1257;place_of_birth;;;;;;;;
1258;director;;;;;;;;
1259;original_language_of_film_or_TV_show;;;;;;;;
1260;director;;;;;;;;
1261;employer;;;;;;;;
1262;mother;;;;;;;;
1263;child;;;;;;;;
1264;occupation;;;;;;;;
1265;sibling;;;;;;;;
1266;employer;;;;;;;;
1267;award_received;;;;;;;;
1268;father;;;;;;;;
1269;director;;;;;;;;
1270;position_held;;;;;;;;
1271;place_of_death;;;;;;;;
1272;participant;;;;;;;;
1273;child;;;;;;;;
1274;capital;;;;;;;;
1275;founded_by;;;;;;;;
1276;sport;;;;;;;;
1277;sport;;;;;;;;
1278;sport;;;;;;;;
1279;spouse;;;;;;;;
1280;spouse;;;;;;;;
1281;parent_organization;;;;;;;;
1282;director;;;;;;;;
1283;award_received;;;;;;;;
1284;mother;;;;;;;;
1285;director;;;;;;;;
1286;spouse;;;;;;;;
1287;director;;;;;;;;
1288;original_language_of_film_or_TV_show;;;;;;;;
1289;;;;;;;;;
1290;place_of_death;;;;;;;;
1291;position_held;;;;;;;;
1292;parent_organization;;;;;;;;
1293;participant;;;;;;;;
1294;place_of_death;;;;;;;;
1295;father;;;;;;;;
1296;occupation;;;;;;;;
1297;child;;;;;;;;
1298;director;;;;;;;;
1299;capital;;;;;;;;
1300;award_received;;;;;;;;
1301;director;;;;;;;;
1302;child;;;;;;;;
1303;spouse;;;;;;;;
1304;child;;;;;;;;
1305;sport;;;;;;;;
1306;spouse;;;;;;;;
1307;participant;;;;;;;;
1308;child;;;;;;;;
1309;parent_organization;;;;;;;;
1310;participant;;;;;;;;
1311;winner;;;;;;;;
1312;child;;;;;;;;
1313;original_language_of_film_or_TV_show;;;;;;;;
1314;director;;;;;;;;
1315;sport;;;;;;;;
1316;spouse;;;;;;;;
1317;capital;;;;;;;;
1318;child;;;;;;;;
1319;father;;;;;;;;
1320;spouse;;;;;;;;
1321;original_language_of_film_or_TV_show;;;;;;;;
1322;original_language_of_film_or_TV_show;;;;;;;;
1323;capital_of;;;;;;;;
1324;original_language_of_film_or_TV_show;;;;;;;;
1325;capital;;;;;;;;
1326;mother;;;;;;;;
1327;occupation;;;;;;;;
1328;participant;;;;;;;;
1329;discoverer_or_inventor;;;;;;;;
1330;child;;;;;;;;
1331;occupation;;;;;;;;
1332;sport;;;;;;;;
1333;capital;;;;;;;;
1334;position_held;;;;;;;;
1335;mother;;;;;;;;
1336;tributary;;;;;;;;
1337;place_of_death;;;;;;;;
1338;founded_by;;;;;;;;
1339;tributary;;;;;;;;
1340;sibling;;;;;;;;
1341;director;;;;;;;;
1342;father;;;;;;;;
1343;award_received;;;;;;;;
1344;father;;;;;;;;
1345;sport;;;;;;;;
1346;participant;;;;;;;;
1347;;;;;;;;;
1348;capital;;;;;;;;
1349;parent_organization;;;;;;;;
1350;sport;;;;;;;;
1351;director;;;;;;;;
1352;sport;;;;;;;;
1353;original_language_of_film_or_TV_show;;;;;;;;
1354;occupation;;;;;;;;
1355;position_held;;;;;;;;
1356;position_held;;;;;;;;
1357;occupation;;;;;;;;
1358;child;;;;;;;;
1359;winner;;;;;;;;
1360;child;;;;;;;;
1361;discoverer_or_inventor;;;;;;;;
1362;tributary;;;;;;;;
1363;sport;;;;;;;;
1364;award_received;;;;;;;;
1365;capital;;;;;;;;
1366;;;;;;;;;
1367;child;;;;;;;;
1368;child;;;;;;;;
1369;award_received;;;;;;;;
1370;father;;;;;;;;
1371;spouse;;;;;;;;
1372;father;;;;;;;;
1373;director;;;;;;;;
1374;director;;;;;;;;
1375;sibling;;;;;;;;
1376;sport;;;;;;;;
1377;employer;;;;;;;;
1378;sport;;;;;;;;
1379;director;;;;;;;;
1380;capital;;;;;;;;
1381;spouse;;;;;;;;
1382;spouse;;;;;;;;
1383;director;;;;;;;;
1384;spouse;;;;;;;;
1385;original_language_of_film_or_TV_show;;;;;;;;
1386;capital;;;;;;;;
1387;sibling;;;;;;;;
1388;capital;;;;;;;;
1389;sibling;;;;;;;;
1390;original_language_of_film_or_TV_show;;;;;;;;
1391;child;;;;;;;;
1392;award_received;;;;;;;;
1393;director;;;;;;;;
1394;father;;;;;;;;
1395;position_held;;;;;;;;
1396;director;;;;;;;;
1397;child;;;;;;;;
1398;award_received;;;;;;;;
1399;sport;;;;;;;;
1400;parent_organization;;;;;;;;
1401;occupation;;;;;;;;
1402;participant;;;;;;;;
1403;founded_by;;;;;;;;
1404;father;;;;;;;;
1405;position_held;;;;;;;;
1406;award_received;;;;;;;;
1407;capital_of;;;;;;;;
1408;director;;;;;;;;
1409;;¬†‡¶Æ‡ßÅ‡¶ï‡ßç‡¶§‡¶ø‡¶Ø‡ßÅ‡¶¶‡ßç‡¶ß‡ßá¬†‡¶Æ‡¶∞‡¶π‡ßÅ‡¶Æ ‡¶π‡¶æ‡¶ú‡¶ø ‡¶Ü‡¶ï‡ßç‡¶§‡¶æ‡¶∞ ‡¶∏‡¶∞‡¶¶‡¶æ‡¶∞ (‡¶Æ‡¶∞‡¶£‡ßã‡¶§‡ßç‡¶§‡¶∞), ‡¶Æ‡¶∞‡¶π‡ßÅ‡¶Æ ‡¶Ü‡¶¨‡ßç‡¶¶‡ßÅ‡¶≤ ‡¶ú‡¶¨‡ßç‡¶¨‡¶æ‡¶∞ (‡¶Æ‡¶∞‡¶£‡ßã‡¶§‡ßç‡¶§‡¶∞), ‡¶Æ‡¶∞‡¶π‡ßÅ‡¶Æ ‡¶°‡¶æ. ‡¶Ü ‡¶Ü ‡¶Æ ‡¶Æ‡ßá‡¶∏‡¶¨‡¶æ‡¶π‡ßÅ‡¶≤ ‡¶π‡¶ï (‡¶¨‡¶æ‡¶ö‡ßç‡¶ö‡ßÅ ‡¶°‡¶æ‡¶ï‡ßç‡¶§‡¶æ‡¶∞) (‡¶Æ‡¶∞‡¶£‡ßã‡¶§‡ßç‡¶§‡¶∞);¬†‡¶∏‡¶æ‡¶Ç‡¶¨‡¶æ‡¶¶‡¶ø‡¶ï‡¶§‡¶æ‡ßü ‡¶ú‡¶æ‡¶´‡¶∞ ‡¶ì‡ßü‡¶æ‡¶ú‡ßá‡¶¶ (‡¶Ü‡¶≤‡ßÄ ‡¶ì‡ßü‡¶æ‡¶ú‡ßá‡¶¶ ‡¶ú‡¶æ‡¶´‡¶∞);¬†‡¶ó‡¶¨‡ßá‡¶∑‡¶£‡¶æ‡ßü ‡¶°. ‡¶ú‡¶æ‡¶π‡¶æ‡¶ô‡ßç‡¶ó‡ßÄ‡¶∞ ‡¶Ü‡¶≤‡¶Æ, ‡¶π‡¶æ‡¶´‡ßá‡¶ú ‡¶ï‡¶æ‡¶∞‡ßÄ ‡¶Ü‡¶≤‡ßç‡¶≤‡¶æ‡¶Æ‡¶æ ‡¶∏‡ßà‡ßü‡¶¶ ‡¶Æ‡ßã‡¶π‡¶æ‡¶Æ‡ßç‡¶Æ‡¶¶ ‡¶õ‡¶æ‡¶á‡¶´‡ßÅ‡¶∞ ‡¶∞‡¶π‡¶Æ‡¶æ‡¶® ‡¶®‡¶ø‡¶ú‡¶æ‡¶Æ‡ßÄ ‡¶∂‡¶æ‡¶π;¬†‡¶∂‡¶ø‡¶ï‡ßç‡¶∑‡¶æ‡ßü ‡¶Ö‡¶ß‡ßç‡¶Ø‡¶æ‡¶™‡¶ï ‡¶°. ‡¶¨‡¶ø‡¶ï‡¶ø‡¶∞‡¶£ ‡¶™‡ßç‡¶∞‡¶∏‡¶æ‡¶¶ ‡¶¨‡ßú‡ßÅ‡ßü‡¶æ;¬†‡¶Ö‡¶∞‡ßç‡¶•‡¶®‡ßÄ‡¶§‡¶ø‡¶§‡ßá ‡¶Ö‡¶ß‡ßç‡¶Ø‡¶æ‡¶™‡¶ï ‡¶°. ‡¶∂‡¶æ‡¶Æ‡¶∏‡ßÅ‡¶≤ ‡¶Ü‡¶≤‡¶Æ;¬†‡¶∏‡¶Æ‡¶æ‡¶ú‡¶∏‡ßá‡¶¨‡¶æ‡ßü ‡¶∏‡ßÅ‡¶´‡¶ø ‡¶Æ‡ßã‡¶π‡¶æ‡¶Æ‡ßç‡¶Æ‡¶¶ ‡¶Æ‡¶ø‡¶ú‡¶æ‡¶®‡ßÅ‡¶∞ ‡¶∞‡¶π‡¶Æ‡¶æ‡¶®;¬†‡¶≠‡¶æ‡¶∑‡¶æ ‡¶ì ‡¶∏‡¶æ‡¶π‡¶ø‡¶§‡ßç‡¶Ø‡ßá ‡¶°. ‡¶®‡ßÅ‡¶∞‡ßÅ‡¶® ‡¶®‡¶¨‡ßÄ, ‡¶Æ‡¶∞‡¶π‡ßÅ‡¶Æ ‡¶∏‡¶ø‡¶ï‡¶¶‡¶æ‡¶∞ <e1>‡¶Ü‡¶Æ‡¶ø‡¶®‡ßÅ‡¶≤ ‡¶π‡¶ï</e1> (‡¶Æ‡¶∞‡¶£‡ßã‡¶§‡ßç‡¶§‡¶∞) ‡¶ì ‡¶¨‡ßá‡¶ó‡¶Æ ‡¶®‡¶æ‡¶ú‡¶Æ‡ßÅ‡¶® ‡¶®‡ßá‡¶∏‡¶æ ‡¶™‡¶ø‡ßü‡¶æ‡¶∞‡¶ø;"¬†‡¶ö‡¶ø‡¶ï‡¶ø‡ßé‡¶∏‡¶æ‡ßü ‡¶Ö‡¶ß‡ßç‡¶Ø‡¶æ‡¶™‡¶ï ‡¶°‡¶æ. ‡¶∏‡¶æ‡ßü‡ßá‡¶¨‡¶æ ‡¶Ü‡¶ñ‡¶§‡¶æ‡¶∞¬†‡¶è‡¶¨‡¶Ç ‡¶ó‡¶¨‡ßá‡¶∑‡¶£‡¶æ‡ßü ‡¶¨‡¶æ‡¶Ç‡¶≤‡¶æ‡¶¶‡ßá‡¶∂ ‡¶Æ‡ßé‡¶∏‡ßç‡¶Ø ‡¶ó‡¶¨‡ßá‡¶∑‡¶£‡¶æ ‡¶á‡¶®‡¶∏‡ßç‡¶ü‡¶ø‡¶ü‡¶ø‡¶â‡¶ü</s>"",20,award_received"
1410;capital;;;;;;;;
1411;discoverer_or_inventor;;;;;;;;
1412;place_of_birth;;;;;;;;
1413;capital;;;;;;;;
1414;place_of_death;;;;;;;;
1415;director;;;;;;;;
1416;place_of_death;;;;;;;;
1417;sport;;;;;;;;
1418;child;;;;;;;;
1419;director;;;;;;;;
1420;director;;;;;;;;
1421;discoverer_or_inventor;;;;;;;;
1422;director;;;;;;;;
1423;father;;;;;;;;
1424;director;;;;;;;;
1425;place_of_birth;;;;;;;;
1426;child;;;;;;;;
1427;award_received;;;;;;;;
1428;child;;;;;;;;
1429;award_received;;;;;;;;
1430;director;;;;;;;;
1431;occupation;;;;;;;;
1432;director;;;;;;;;
1433;child;;;;;;;;
1434;father;;;;;;;;
1435;place_of_death;;;;;;;;
1436;director;;;;;;;;
1437;original_language_of_film_or_TV_show;;;;;;;;
1438;founded_by;;;;;;;;
1439;mother;;;;;;;;
1440;original_language_of_film_or_TV_show;;;;;;;;
1441;sport;;;;;;;;
1442;sibling;;;;;;;;
1443;sport;;;;;;;;
1444;tributary;;;;;;;;
1445;sibling;;;;;;;;
1446;sport;;;;;;;;
1447;director;;;;;;;;
1448;mother;;;;;;;;
1449;mother;;;;;;;;
1450;discoverer_or_inventor;;;;;;;;
1451;mother;;;;;;;;
1452;mother;;;;;;;;
1453;sport;;;;;;;;
1454;director;;;;;;;;
1455;student_of;;;;;;;;
1456;occupation;;;;;;;;
1457;sport;;;;;;;;
1458;capital_of;;;;;;;;
1459;spouse;;;;;;;;
1460;;;;;;;;;
1461;sport;;;;;;;;
1462;father;;;;;;;;
1463;sibling;;;;;;;;
1464;spouse;;;;;;;;
1465;position_held;;;;;;;;
1466;mother;;;;;;;;
1467;parent_organization;;;;;;;;
1468;participant;;;;;;;;
1469;employer;;;;;;;;
1470;tributary;;;;;;;;
1471;employer;;;;;;;;
1472;sport;;;;;;;;
1473;discoverer_or_inventor;;;;;;;;
1474;spouse;;;;;;;;
1475;mother;;;;;;;;
1476;parent_organization;;;;;;;;
1477;child;;;;;;;;
1478;father;;;;;;;;
1479;capital;;;;;;;;
1480;father;;;;;;;;
1481;child;;;;;;;;
1482;;;;;;;;;
1483;position_held;;;;;;;;
1484;director;;;;;;;;
1485;child;;;;;;;;
1486;tributary;;;;;;;;
1487;child;;;;;;;;
1488;parent_organization;;;;;;;;
1489;parent_organization;;;;;;;;
1490;mother;;;;;;;;
1491;director;;;;;;;;
1492;spouse;;;;;;;;
1493;winner;;;;;;;;
1494;spouse;;;;;;;;
1495;sport;;;;;;;;
1496;position_held;;;;;;;;
1497;sibling;;;;;;;;
1498;employer;;;;;;;;
1499;sibling;;;;;;;;
1500;mother;;;;;;;;
1501;mother;;;;;;;;
1502;occupation;;;;;;;;
1503;child;;;;;;;;
1504;participant;;;;;;;;
1505;capital_of;;;;;;;;
1506;award_received;;;;;;;;
1507;sibling;;;;;;;;
1508;director;;;;;;;;
1509;parent_organization;;;;;;;;
1510;director;;;;;;;;
1511;director;;;;;;;;
1512;mother;;;;;;;;
1513;child;;;;;;;;
1514;capital_of;;;;;;;;
1515;mother;;;;;;;;
1516;child;;;;;;;;
1517;child;;;;;;;;
1518;sport;;;;;;;;
1519;position_held;;;;;;;;
1520;spouse;;;;;;;;
1521;award_received;;;;;;;;
1522;sibling;;;;;;;;
1523;sport;;;;;;;;
1524;spouse;;;;;;;;
1525;award_received;;;;;;;;
1526;award_received;;;;;;;;
1527;original_language_of_film_or_TV_show;;;;;;;;
1528;participant;;;;;;;;
1529;spouse;;;;;;;;
1530;award_received;;;;;;;;
1531;place_of_death;;;;;;;;
1532;capital;;;;;;;;
1533;director;;;;;;;;
1534;employer;;;;;;;;
1535;capital_of;;;;;;;;
1536;employer;;;;;;;;
1537;parent_organization;;;;;;;;
1538;employer;;;;;;;;
1539;sport;;;;;;;;
1540;discoverer_or_inventor;;;;;;;;
1541;sibling;;;;;;;;
1542;child;;;;;;;;
1543;tributary;;;;;;;;
1544;position_held;;;;;;;;
1545;director;;;;;;;;
1546;;;;;;;;;
1547;capital_of;;;;;;;;
1548;capital;;;;;;;;
1549;award_received;;;;;;;;
1550;position_held;;;;;;;;
1551;place_of_death;;;;;;;;
1552;spouse;;;;;;;;
1553;child;;;;;;;;
1554;child;;;;;;;;
1555;;;;;;;;;
1556;award_received;;;;;;;;
1557;director;;;;;;;;
1558;mother;;;;;;;;
1559;director;;;;;;;;
1560;place_of_death;;;;;;;;
1561;child;;;;;;;;
1562;founded_by;;;;;;;;
1563;place_of_birth;;;;;;;;
1564;sport;;;;;;;;
1565;sport;;;;;;;;
1566;sport;;;;;;;;
1567;director;;;;;;;;
1568;participant;;;;;;;;
1569;sibling;;;;;;;;
1570;director;;;;;;;;
1571;;;;;;;;;
1572;capital_of;;;;;;;;
1573;position_held;;;;;;;;
1574;director;;;;;;;;
1575;discoverer_or_inventor;;;;;;;;
1576;sport;;;;;;;;
1577;sibling;;;;;;;;
1578;parent_organization;;;;;;;;
1579;capital;;;;;;;;
1580;director;;;;;;;;
1581;position_held;;;;;;;;
1582;director;;;;;;;;
1583;participant;;;;;;;;
1584;sport;;;;;;;;
1585;discoverer_or_inventor;;;;;;;;
1586;director;;;;;;;;
1587;spouse;;;;;;;;
1588;;;;;;;;;
1589;;;;;;;;;
1590;mother;;;;;;;;
1591;capital;;;;;;;;
1592;sibling;;;;;;;;
1593;founded_by;;;;;;;;
1594;sport;;;;;;;;
1595;place_of_death;;;;;;;;
1596;original_language_of_film_or_TV_show;;;;;;;;
1597;sport;;;;;;;;
1598;director;;;;;;;;
1599;student_of;;;;;;;;
1600;capital;;;;;;;;
1601;parent_organization;;;;;;;;
1602;spouse;;;;;;;;
1603;capital_of;;;;;;;;
1604;occupation;;;;;;;;
1605;child;;;;;;;;
1606;child;;;;;;;;
1607;tributary;;;;;;;;
1608;mother;;;;;;;;
1609;original_language_of_film_or_TV_show;;;;;;;;
1610;father;;;;;;;;
1611;father;;;;;;;;
1612;child;;;;;;;;
1613;founded_by;;;;;;;;
1614;child;;;;;;;;
1615;parent_organization;;;;;;;;
1616;mother;;;;;;;;
1617;place_of_birth;;;;;;;;
1618;child;;;;;;;;
1619;capital;;;;;;;;
1620;founded_by;;;;;;;;
1621;;;;;;;;;
1622;sport;;;;;;;;
1623;;;;;;;;;
1624;position_held;;;;;;;;
1625;parent_organization;;;;;;;;
1626;spouse;;;;;;;;
1627;child;;;;;;;;
1628;director;;;;;;;;
1629;spouse;;;;;;;;
1630;father;;;;;;;;
1631;father;;;;;;;;
1632;spouse;;;;;;;;
1633;child;;;;;;;;
1634;father;;;;;;;;
1635;director;;;;;;;;
1636;spouse;;;;;;;;
1637;sibling;;;;;;;;
1638;sport;;;;;;;;
1639;father;;;;;;;;
1640;spouse;;;;;;;;
1641;spouse;;;;;;;;
1642;director;;;;;;;;
1643;spouse;;;;;;;;
1644;tributary;;;;;;;;
1645;mother;;;;;;;;
1646;capital_of;;;;;;;;
1647;child;;;;;;;;
1648;sport;;;;;;;;
1649;award_received;;;;;;;;
1650;tributary;;;;;;;;
1651;father;;;;;;;;
1652;place_of_birth;;;;;;;;
1653;director;;;;;;;;
1654;occupation;;;;;;;;
1655;tributary;;;;;;;;
1656;sport;;;;;;;;
1657;spouse;;;;;;;;
1658;sport;;;;;;;;
1659;capital_of;;;;;;;;
1660;child;;;;;;;;
1661;occupation;;;;;;;;
1662;father;;;;;;;;
1663;father;;;;;;;;
1664;father;;;;;;;;
1665;student_of;;;;;;;;
1666;capital;;;;;;;;
1667;award_received;;;;;;;;
1668;child;;;;;;;;
1669;place_of_birth;;;;;;;;
1670;position_held;;;;;;;;
1671;parent_organization;;;;;;;;
1672;position_held;;;;;;;;
1673;director;;;;;;;;
1674;father;;;;;;;;
1675;spouse;;;;;;;;
1676;founded_by;;;;;;;;
1677;spouse;;;;;;;;
1678;parent_organization;;;;;;;;
1679;employer;;;;;;;;
1680;award_received;;;;;;;;
1681;parent_organization;;;;;;;;
1682;winner;;;;;;;;
1683;place_of_death;;;;;;;;
1684;position_held;;;;;;;;
1685;;;;;;;;;
1686;parent_organization;;;;;;;;
1687;child;;;;;;;;
1688;winner;;;;;;;;
1689;child;;;;;;;;
1690;employer;;;;;;;;
1691;occupation;;;;;;;;
1692;capital;;;;;;;;
1693;founded_by;;;;;;;;
1694;original_language_of_film_or_TV_show;;;;;;;;
1695;founded_by;;;;;;;;
1696;father;;;;;;;;
1697;position_held;;;;;;;;
1698;sibling;;;;;;;;
1699;child;;;;;;;;
1700;child;;;;;;;;
1701;discoverer_or_inventor;;;;;;;;
1702;place_of_death;;;;;;;;
1703;winner;;;;;;;;
1704;award_received;;;;;;;;
1705;spouse;;;;;;;;
1706;father;;;;;;;;
1707;spouse;;;;;;;;
1708;position_held;;;;;;;;
1709;employer;;;;;;;;
1710;original_language_of_film_or_TV_show;;;;;;;;
1711;child;;;;;;;;
1712;employer;;;;;;;;
1713;award_received;;;;;;;;
1714;spouse;;;;;;;;
1715;mother;;;;;;;;
1716;sport;;;;;;;;
1717;child;;;;;;;;
1718;sport;;;;;;;;
1719;tributary;;;;;;;;
1720;tributary;;;;;;;;
1721;child;;;;;;;;
1722;original_language_of_film_or_TV_show;;;;;;;;
1723;child;;;;;;;;
1724;student_of;;;;;;;;
1725;sport;;;;;;;;
1726;sibling;;;;;;;;
1727;employer;;;;;;;;
1728;parent_organization;;;;;;;;
1729;father;;;;;;;;
1730;capital;;;;;;;;
1731;original_language_of_film_or_TV_show;;;;;;;;
1732;position_held;;;;;;;;
1733;mother;;;;;;;;
1734;occupation;;;;;;;;
1735;place_of_birth;;;;;;;;
1736;spouse;;;;;;;;
1737;employer;;;;;;;;
1738;original_language_of_film_or_TV_show;;;;;;;;
1739;sibling;;;;;;;;
1740;spouse;;;;;;;;
1741;employer;;;;;;;;
1742;participant;;;;;;;;
1743;award_received;;;;;;;;
1744;director;;;;;;;;
1745;sibling;;;;;;;;
1746;director;;;;;;;;
1747;father;;;;;;;;
1748;director;;;;;;;;
1749;position_held;;;;;;;;
1750;sibling;;;;;;;;
1751;founded_by;;;;;;;;
1752;award_received;;;;;;;;
1753;child;;;;;;;;
1754;father;;;;;;;;
1755;director;;;;;;;;
1756;director;;;;;;;;
1757;parent_organization;;;;;;;;
1758;mother;;;;;;;;
1759;;;;;;;;;
1760;employer;;;;;;;;
1761;director;;;;;;;;
1762;occupation;;;;;;;;
1763;director;;;;;;;;
1764;student_of;;;;;;;;
1765;mother;;;;;;;;
1766;original_language_of_film_or_TV_show;;;;;;;;
1767;sibling;;;;;;;;
1768;founded_by;;;;;;;;
1769;original_language_of_film_or_TV_show;;;;;;;;
1770;spouse;;;;;;;;
1771;capital;;;;;;;;
1772;mother;;;;;;;;
1773;child;;;;;;;;
1774;sport;;;;;;;;
1775;father;;;;;;;;
1776;father;;;;;;;;
1777;father;;;;;;;;
1778;child;;;;;;;;
1779;mother;;;;;;;;
1780;capital;;;;;;;;
1781;winner;;;;;;;;
1782;award_received;;;;;;;;
1783;sibling;;;;;;;;
1784;mother;;;;;;;;
1785;spouse;;;;;;;;
1786;child;;;;;;;;
1787;director;;;;;;;;
1788;award_received;;;;;;;;
1789;place_of_birth;;;;;;;;
1790;father;;;;;;;;
1791;spouse;;;;;;;;
1792;capital;;;;;;;;
1793;winner;;;;;;;;
1794;award_received;;;;;;;;
1795;participant;;;;;;;;
1796;director;;;;;;;;
1797;participant;;;;;;;;
1798;occupation;;;;;;;;
1799;father;;;;;;;;
1800;spouse;;;;;;;;
1801;child;;;;;;;;
1802;director;;;;;;;;
1803;sport;;;;;;;;
1804;child;;;;;;;;
1805;sport;;;;;;;;
1806;founded_by;;;;;;;;
1807;director;;;;;;;;
1808;occupation;;;;;;;;
1809;spouse;;;;;;;;
1810;sport;;;;;;;;
1811;spouse;;;;;;;;
1812;parent_organization;;;;;;;;
1813;discoverer_or_inventor;;;;;;;;
1814;;;;;;;;;
1815;director;;;;;;;;
1816;sibling;;;;;;;;
1817;spouse;;;;;;;;
1818;spouse;;;;;;;;
1819;award_received;;;;;;;;
1820;spouse;;;;;;;;
1821;participant;;;;;;;;
1822;director;;;;;;;;
1823;sibling;;;;;;;;
1824;place_of_birth;;;;;;;;
1825;position_held;;;;;;;;
1826;child;;;;;;;;
1827;father;;;;;;;;
1828;participant;;;;;;;;
1829;employer;;;;;;;;
1830;capital;;;;;;;;
1831;employer;;;;;;;;
1832;participant;;;;;;;;
1833;winner;;;;;;;;
1834;participant;;;;;;;;
1835;sibling;;;;;;;;
1836;award_received;;;;;;;;
1837;child;;;;;;;;
1838;original_language_of_film_or_TV_show;;;;;;;;
1839;parent_organization;;;;;;;;
1840;capital;;;;;;;;
1841;employer;;;;;;;;
1842;award_received;;;;;;;;
1843;founded_by;;;;;;;;
1844;;;;;;;;;
1845;participant;;;;;;;;
1846;capital;;;;;;;;
1847;winner;;;;;;;;
1848;original_language_of_film_or_TV_show;;;;;;;;
1849;director;;;;;;;;
1850;position_held;;;;;;;;
1851;winner;;;;;;;;
1852;father;;;;;;;;
1853;occupation;;;;;;;;
1854;winner;;;;;;;;
1855;child;;;;;;;;
1856;place_of_death;;;;;;;;
1857;parent_organization;;;;;;;;
1858;employer;;;;;;;;
1859;director;;;;;;;;
1860;capital;;;;;;;;
1861;;;;;;;;;
1862;winner;;;;;;;;
1863;discoverer_or_inventor;;;;;;;;
1864;spouse;;;;;;;;
1865;winner;;;;;;;;
1866;student_of;;;;;;;;
1867;spouse;;;;;;;;
1868;child;;;;;;;;
1869;father;;;;;;;;
1870;mother;;;;;;;;
1871;parent_organization;;;;;;;;
1872;father;;;;;;;;
1873;director;;;;;;;;
1874;tributary;;;;;;;;
1875;capital;;;;;;;;
1876;award_received;;;;;;;;
1877;child;;;;;;;;
1878;position_held;;;;;;;;
1879;spouse;;;;;;;;
1880;parent_organization;;;;;;;;
1881;spouse;;;;;;;;
1882;occupation;;;;;;;;
1883;director;;;;;;;;
1884;mother;;;;;;;;
1885;father;;;;;;;;
1886;sibling;;;;;;;;
1887;father;;;;;;;;
1888;original_language_of_film_or_TV_show;;;;;;;;
1889;award_received;;;;;;;;
1890;place_of_birth;;;;;;;;
1891;child;;;;;;;;
1892;director;;;;;;;;
1893;director;;;;;;;;
1894;place_of_birth;;;;;;;;
1895;participant;;;;;;;;
1896;mother;;;;;;;;
1897;;;;;;;;;
1898;sport;;;;;;;;
1899;director;;;;;;;;
1900;capital;;;;;;;;
1901;child;;;;;;;;
1902;director;;;;;;;;
1903;parent_organization;;;;;;;;
1904;father;;;;;;;;
1905;sibling;;;;;;;;
1906;employer;;;;;;;;
1907;;;;;;;;;
1908;award_received;;;;;;;;
1909;father;;;;;;;;
1910;father;;;;;;;;
1911;director;;;;;;;;
1912;position_held;;;;;;;;
1913;child;;;;;;;;
1914;position_held;;;;;;;;
1915;sibling;;;;;;;;
1916;father;;;;;;;;
1917;place_of_death;;;;;;;;
1918;;;;;;;;;
1919;sibling;;;;;;;;
1920;director;;;;;;;;
1921;capital;;;;;;;;
1922;sport;;;;;;;;
1923;employer;;;;;;;;
1924;director;;;;;;;;
1925;spouse;;;;;;;;
1926;sport;;;;;;;;
1927;place_of_death;;;;;;;;
1928;tributary;;;;;;;;
1929;discoverer_or_inventor;;;;;;;;
1930;spouse;;;;;;;;
1931;founded_by;;;;;;;;
1932;sibling;;;;;;;;
1933;winner;;;;;;;;
1934;award_received;;;;;;;;
1935;parent_organization;;;;;;;;
1936;parent_organization;;;;;;;;
1937;mother;;;;;;;;
1938;father;;;;;;;;
1939;occupation;;;;;;;;
1940;parent_organization;;;;;;;;
1941;spouse;;;;;;;;
1942;parent_organization;;;;;;;;
1943;father;;;;;;;;
1944;award_received;;;;;;;;
1945;;;;;;;;;
1946;spouse;;;;;;;;
1947;spouse;;;;;;;;
1948;award_received;;;;;;;;
1949;;;;;;;;;
1950;sibling;;;;;;;;
1951;parent_organization;;;;;;;;
1952;director;;;;;;;;
1953;discoverer_or_inventor;;;;;;;;
1954;mother;;;;;;;;
1955;director;;;;;;;;
1956;winner;;;;;;;;
1957;spouse;;;;;;;;
1958;spouse;;;;;;;;
1959;winner;;;;;;;;
1960;capital;;;;;;;;
1961;employer;;;;;;;;
1962;father;;;;;;;;
1963;sport;;;;;;;;
1964;father;;;;;;;;
1965;tributary;;;;;;;;
1966;sibling;;;;;;;;
1967;father;;;;;;;;
1968;director;;;;;;;;
1969;sport;;;;;;;;
1970;father;;;;;;;;
1971;sport;;;;;;;;
1972;award_received;;;;;;;;
1973;father;;;;;;;;
1974;father;;;;;;;;
1975;tributary;;;;;;;;
1976;parent_organization;;;;;;;;
1977;sport;;;;;;;;
1978;director;;;;;;;;
1979;award_received;;;;;;;;
1980;spouse;;;;;;;;
1981;director;;;;;;;;
1982;sport;;;;;;;;
1983;discoverer_or_inventor;;;;;;;;
1984;employer;;;;;;;;
1985;employer;;;;;;;;
1986;spouse;;;;;;;;
1987;father;;;;;;;;
1988;capital;;;;;;;;
1989;place_of_death;;;;;;;;
1990;sport;;;;;;;;
1991;spouse;;;;;;;;
1992;director;;;;;;;;
1993;original_language_of_film_or_TV_show;;;;;;;;
1994;director;;;;;;;;
1995;father;;;;;;;;
1996;mother;;;;;;;;
1997;position_held;;;;;;;;
1998;director;;;;;;;;
1999;child;;;;;;;;
2000;director;;;;;;;;
2001;sport;;;;;;;;
2002;child;;;;;;;;
2003;sport;;;;;;;;
2004;;;;;;;;;
2005;mother;;;;;;;;
2006;director;;;;;;;;
2007;original_language_of_film_or_TV_show;;;;;;;;
2008;capital;;;;;;;;
2009;director;;;;;;;;
2010;tributary;;;;;;;;
2011;father;;;;;;;;
2012;occupation;;;;;;;;
2013;original_language_of_film_or_TV_show;;;;;;;;
2014;director;;;;;;;;
2015;child;;;;;;;;
2016;director;;;;;;;;
2017;discoverer_or_inventor;;;;;;;;
2018;sport;;;;;;;;
2019;child;;;;;;;;
2020;original_language_of_film_or_TV_show;;;;;;;;
2021;sport;;;;;;;;
2022;;;;;;;;;
2023;parent_organization;;;;;;;;
2024;capital;;;;;;;;
2025;sport;;;;;;;;
2026;participant;;;;;;;;
2027;discoverer_or_inventor;;;;;;;;
2028;;;;;;;;;
2029;capital_of;;;;;;;;
2030;occupation;;;;;;;;
2031;original_language_of_film_or_TV_show;;;;;;;;
2032;place_of_death;;;;;;;;
2033;director;;;;;;;;
2034;spouse;;;;;;;;
2035;position_held;;;;;;;;
2036;director;;;;;;;;
2037;original_language_of_film_or_TV_show;;;;;;;;
2038;position_held;;;;;;;;
2039;sport;;;;;;;;
2040;capital;;;;;;;;
2041;sport;;;;;;;;
2042;original_language_of_film_or_TV_show;;;;;;;;
2043;sport;;;;;;;;
2044;mother;;;;;;;;
2045;sibling;;;;;;;;
2046;employer;;;;;;;;
2047;tributary;;;;;;;;
2048;parent_organization;;;;;;;;
2049;father;;;;;;;;
2050;director;;;;;;;;
2051;award_received;;;;;;;;
2052;position_held;;;;;;;;
2053;founded_by;;;;;;;;
2054;sibling;;;;;;;;
2055;spouse;;;;;;;;
2056;original_language_of_film_or_TV_show;;;;;;;;
2057;award_received;;;;;;;;
2058;director;;;;;;;;
2059;child;;;;;;;;
2060;director;;;;;;;;
2061;founded_by;;;;;;;;
2062;parent_organization;;;;;;;;
2063;director;;;;;;;;
2064;director;;;;;;;;
2065;director;;;;;;;;
2066;director;;;;;;;;
2067;director;;;;;;;;
2068;director;;;;;;;;
2069;director;;;;;;;;
2070;director;;;;;;;;
2071;director;;;;;;;;
2072;director;;;;;;;;
2073;director;;;;;;;;
2074;director;;;;;;;;
2075;director;;;;;;;;
2076;director;;;;;;;;
2077;founded_by;;;;;;;;
2078;director;;;;;;;;
2079;director;;;;;;;;
2080;director;;;;;;;;
2081;director;;;;;;;;
2082;director;;;;;;;;
2083;director;;;;;;;;
2084;director;;;;;;;;
2085;participant;;;;;;;;
2086;director;;;;;;;;
2087;director;;;;;;;;
2088;director;;;;;;;;
2089;director;;;;;;;;
2090;director;;;;;;;;
2091;director;;;;;;;;
2092;director;;;;;;;;
2093;director;;;;;;;;
2094;;;;;;;;;
2095;director;;;;;;;;
2096;director;;;;;;;;
2097;director;;;;;;;;
2098;director;;;;;;;;
2099;director;;;;;;;;
2100;director;;;;;;;;
2101;director;;;;;;;;
2102;director;;;;;;;;
2103;director;;;;;;;;
2104;director;;;;;;;;
2105;;;;;;;;;
2106;director;;;;;;;;
2107;founded_by;;;;;;;;
2108;founded_by;;;;;;;;
2109;founded_by;;;;;;;;
2110;founded_by;;;;;;;;
2111;founded_by;;;;;;;;
2112;founded_by;;;;;;;;
2113;founded_by;;;;;;;;
2114;winner;;;;;;;;
2115;founded_by;;;;;;;;
2116;founded_by;;;;;;;;
2117;founded_by;;;;;;;;
2118;founded_by;;;;;;;;
2119;founded_by;;;;;;;;
2120;discoverer_or_inventor;;;;;;;;
2121;founded_by;;;;;;;;
2122;founded_by;;;;;;;;
2123;founded_by;;;;;;;;
2124;founded_by;;;;;;;;
2125;founded_by;;;;;;;;
2126;founded_by;;;;;;;;
2127;founded_by;;;;;;;;
2128;founded_by;;;;;;;;
2129;discoverer_or_inventor;;;;;;;;
2130;discoverer_or_inventor;;;;;;;;
2131;;;;;;;;;
2132;discoverer_or_inventor;;;;;;;;
2133;discoverer_or_inventor;;;;;;;;
2134;discoverer_or_inventor;;;;;;;;
2135;discoverer_or_inventor;;;;;;;;
2136;discoverer_or_inventor;;;;;;;;
2137;discoverer_or_inventor;;;;;;;;
2138;discoverer_or_inventor;;;;;;;;
2139;discoverer_or_inventor;;;;;;;;
2140;discoverer_or_inventor;;;;;;;;
2141;discoverer_or_inventor;;;;;;;;
2142;discoverer_or_inventor;;;;;;;;
2143;place_of_death;;;;;;;;
2144;discoverer_or_inventor;;;;;;;;
2145;discoverer_or_inventor;;;;;;;;
2146;discoverer_or_inventor;;;;;;;;
2147;;;;;;;;;
2148;;;;;;;;;
2149;discoverer_or_inventor;;;;;;;;
2150;discoverer_or_inventor;;;;;;;;
2151;discoverer_or_inventor;;;;;;;;
2152;participant;;;;;;;;
2153;participant;;;;;;;;
2154;participant;;;;;;;;
2155;participant;;;;;;;;
2156;participant;;;;;;;;
2157;participant;;;;;;;;
2158;participant;;;;;;;;
2159;;;;;;;;;
2160;participant;;;;;;;;
2161;participant;;;;;;;;
2162;participant;;;;;;;;
2163;participant;;;;;;;;
2164;;;;;;;;;
2165;participant;;;;;;;;
2166;participant;;;;;;;;
2167;participant;;;;;;;;
2168;discoverer_or_inventor;;;;;;;;
2169;participant;;;;;;;;
2170;participant;;;;;;;;
2171;participant;;;;;;;;
2172;participant;;;;;;;;
2173;participant;;;;;;;;
2174;participant;;;;;;;;
2175;participant;;;;;;;;
2176;participant;;;;;;;;
2177;participant;;;;;;;;
2178;employer;;;;;;;;
2179;employer;;;;;;;;
2180;employer;;;;;;;;
2181;employer;;;;;;;;
2182;employer;;;;;;;;
2183;employer;;;;;;;;
2184;employer;;;;;;;;
2185;employer;;;;;;;;
2186;employer;;;;;;;;
2187;employer;;;;;;;;
2188;employer;;;;;;;;
2189;employer;;;;;;;;
2190;employer;;;;;;;;
2191;employer;;;;;;;;
2192;founded_by;;;;;;;;
2193;employer;;;;;;;;
2194;employer;;;;;;;;
2195;employer;;;;;;;;
2196;employer;;;;;;;;
2197;employer;;;;;;;;
2198;employer;;;;;;;;
2199;employer;;;;;;;;
2200;employer;;;;;;;;
2201;employer;;;;;;;;
2202;employer;;;;;;;;
2203;employer;;;;;;;;
2204;employer;;;;;;;;
2205;employer;;;;;;;;
2206;employer;;;;;;;;
2207;employer;;;;;;;;
2208;employer;;;;;;;;
2209;employer;;;;;;;;
2210;employer;;;;;;;;
2211;employer;;;;;;;;
2212;employer;;;;;;;;
2213;employer;;;;;;;;
2214;employer;;;;;;;;
2215;employer;;;;;;;;
2216;employer;;;;;;;;
2217;employer;;;;;;;;
2218;student_of;;;;;;;;
2219;student_of;;;;;;;;
2220;student_of;;;;;;;;
2221;student_of;;;;;;;;
2222;student_of;;;;;;;;
2223;student_of;;;;;;;;
2224;position_held;;;;;;;;
2225;father;;;;;;;;
2226;student_of;;;;;;;;
2227;employer;;;;;;;;
2228;student_of;;;;;;;;
2229;student_of;;;;;;;;
2230;student_of;;;;;;;;
2231;student_of;;;;;;;;
2232;student_of;;;;;;;;
2233;student_of;;;;;;;;
2234;student_of;;;;;;;;
2235;discoverer_or_inventor;;;;;;;;
2236;student_of;;;;;;;;
2237;student_of;;;;;;;;
2238;;;;;;;;;
2239;student_of;;;;;;;;
2240;parent_organization;;;;;;;;
2241;parent_organization;;;;;;;;
2242;parent_organization;;;;;;;;
2243;parent_organization;;;;;;;;
2244;parent_organization;;;;;;;;
2245;parent_organization;;;;;;;;
2246;parent_organization;;;;;;;;
2247;parent_organization;;;;;;;;
2248;parent_organization;;;;;;;;
2249;parent_organization;;;;;;;;
2250;parent_organization;;;;;;;;
2251;employer;;;;;;;;
2252;parent_organization;;;;;;;;
2253;parent_organization;;;;;;;;
2254;parent_organization;;;;;;;;
2255;parent_organization;;;;;;;;
2256;parent_organization;;;;;;;;
2257;parent_organization;;;;;;;;
2258;parent_organization;;;;;;;;
2259;parent_organization;;;;;;;;
2260;parent_organization;;;;;;;;
2261;parent_organization;;;;;;;;
2262;parent_organization;;;;;;;;
2263;parent_organization;;;;;;;;
2264;parent_organization;;;;;;;;
2265;parent_organization;;;;;;;;
2266;parent_organization;;;;;;;;
2267;parent_organization;;;;;;;;
2268;employer;;;;;;;;
2269;parent_organization;;;;;;;;
2270;parent_organization;;;;;;;;
2271;parent_organization;;;;;;;;
2272;father;;;;;;;;
2273;sibling;;;;;;;;
2274;sibling;;;;;;;;
2275;father;;;;;;;;
2276;father;;;;;;;;
2277;;;;;;;;;
2278;father;;;;;;;;
2279;father;;;;;;;;
2280;father;;;;;;;;
2281;mother;;;;;;;;
2282;father;;;;;;;;
2283;mother;;;;;;;;
2284;father;;;;;;;;
2285;mother;;;;;;;;
2286;mother;;;;;;;;
2287;mother;;;;;;;;
2288;father;;;;;;;;
2289;mother;;;;;;;;
2290;mother;;;;;;;;
2291;sibling;;;;;;;;
2292;father;;;;;;;;
2293;;;;;;;;;
2294;child;;;;;;;;
2295;father;;;;;;;;
2296;mother;;;;;;;;
2297;;;;;;;;;
2298;mother;;;;;;;;
2299;mother;;;;;;;;
2300;spouse;;;;;;;;
2301;father;;;;;;;;
2302;sibling;;;;;;;;
2303;child;;;;;;;;
2304;;;;;;;;;
2305;award_received;;;;;;;;
2306;award_received;;;;;;;;
2307;award_received;;;;;;;;
2308;award_received;;;;;;;;
2309;award_received;;;;;;;;
2310;award_received;;;;;;;;
2311;award_received;;;;;;;;
2312;award_received;;;;;;;;
2313;award_received;;;;;;;;
2314;award_received;;;;;;;;
2315;award_received;;;;;;;;
2316;award_received;;;;;;;;
2317;award_received;;;;;;;;
2318;award_received;;;;;;;;
2319;award_received;;;;;;;;
2320;award_received;;;;;;;;
2321;award_received;;;;;;;;
2322;award_received;;;;;;;;
2323;award_received;;;;;;;;
2324;award_received;;;;;;;;
2325;award_received;;;;;;;;
2326;;;;;;;;;
2327;award_received;;;;;;;;
2328;award_received;;;;;;;;
2329;award_received;;;;;;;;
2330;award_received;;;;;;;;
2331;award_received;;;;;;;;
2332;award_received;;;;;;;;
2333;award_received;;;;;;;;
2334;winner;;;;;;;;
2335;award_received;;;;;;;;
2336;award_received;;;;;;;;
2337;award_received;;;;;;;;
2338;award_received;;;;;;;;
2339;award_received;;;;;;;;
2340;award_received;;;;;;;;
2341;award_received;;;;;;;;
2342;award_received;;;;;;;;
2343;;;;;;;;;
2344;award_received;;;;;;;;
2345;award_received;;;;;;;;
2346;award_received;;;;;;;;
2347;award_received;;;;;;;;
2348;award_received;;;;;;;;
2349;winner;;;;;;;;
2350;award_received;;;;;;;;
2351;;;;;;;;;
2352;award_received;;;;;;;;
2353;award_received;;;;;;;;
2354;award_received;;;;;;;;
2355;award_received;;;;;;;;
2356;award_received;;;;;;;;
2357;award_received;;;;;;;;
2358;award_received;;;;;;;;
2359;award_received;;;;;;;;
2360;award_received;;;;;;;;
2361;award_received;;;;;;;;
2362;award_received;;;;;;;;
2363;award_received;;;;;;;;
2364;;;;;;;;;
2365;award_received;;;;;;;;
2366;award_received;;;;;;;;
2367;winner;;;;;;;;
2368;award_received;;;;;;;;
2369;award_received;;;;;;;;
2370;award_received;;;;;;;;
2371;award_received;;;;;;;;
2372;director;;;;;;;;
2373;winner;;;;;;;;
2374;award_received;;;;;;;;
2375;award_received;;;;;;;;
2376;award_received;;;;;;;;
2377;award_received;;;;;;;;
2378;winner;;;;;;;;
2379;award_received;;;;;;;;
2380;child;;;;;;;;
2381;position_held;;;;;;;;
2382;father;;;;;;;;
2383;;;;;;;;;
2384;father;;;;;;;;
2385;father;;;;;;;;
2386;;;;;;;;;
2387;child;;;;;;;;
2388;occupation;;;;;;;;
2389;child;;;;;;;;
2390;father;;;;;;;;
2391;;;;;;;;;
2392;sibling;;;;;;;;
2393;;;;;;;;;
2394;father;;;;;;;;
2395;father;;;;;;;;
2396;father;;;;;;;;
2397;father;;;;;;;;
2398;father;;;;;;;;
2399;father;;;;;;;;
2400;sibling;;;;;;;;
2401;sibling;;;;;;;;
2402;father;;;;;;;;
2403;sibling;;;;;;;;
2404;father;;;;;;;;
2405;father;;;;;;;;
2406;sibling;;;;;;;;
2407;position_held;;;;;;;;
2408;position_held;;;;;;;;
2409;;;;;;;;;
2410;child;;;;;;;;
2411;father;;;;;;;;
2412;father;;;;;;;;
2413;child;;;;;;;;
2414;child;;;;;;;;
2415;sport;;;;;;;;
2416;sport;;;;;;;;
2417;sport;;;;;;;;
2418;sport;;;;;;;;
2419;occupation;;;;;;;;
2420;sport;;;;;;;;
2421;sport;;;;;;;;
2422;sport;;;;;;;;
2423;sport;;;;;;;;
2424;sport;;;;;;;;
2425;sport;;;;;;;;
2426;sport;;;;;;;;
2427;;;;;;;;;
2428;sport;;;;;;;;
2429;sport;;;;;;;;
2430;sport;;;;;;;;
2431;sport;;;;;;;;
2432;sport;;;;;;;;
2433;sport;;;;;;;;
2434;capital_of;;;;;;;;
2435;capital;;;;;;;;
2436;capital_of;;;;;;;;
2437;capital;;;;;;;;
2438;capital_of;;;;;;;;
2439;capital;;;;;;;;
2440;capital_of;;;;;;;;
2441;capital;;;;;;;;
2442;capital_of;;;;;;;;
2443;capital;;;;;;;;
2444;capital_of;;;;;;;;
2445;capital_of;;;;;;;;
2446;;;;;;;;;
2447;capital_of;;;;;;;;
2448;capital;;;;;;;;
2449;capital_of;;;;;;;;
2450;capital_of;;;;;;;;
2451;capital;;;;;;;;
2452;capital;;;;;;;;
2453;capital;;;;;;;;
2454;capital_of;;;;;;;;
2455;capital;;;;;;;;
2456;capital;;;;;;;;
2457;capital;;;;;;;;
2458;;;;;;;;;
2459;sibling;;;;;;;;
2460;spouse;;;;;;;;
2461;sibling;;;;;;;;
2462;;;;;;;;;
2463;father;;;;;;;;
2464;sibling;;;;;;;;
2465;sibling;;;;;;;;
2466;sibling;;;;;;;;
2467;sibling;;;;;;;;
2468;sibling;;;;;;;;
2469;father;;;;;;;;
2470;sibling;;;;;;;;
2471;sibling;;;;;;;;
2472;sibling;;;;;;;;
2473;spouse;;;;;;;;
2474;sibling;;;;;;;;
2475;sibling;;;;;;;;
2476;mother;;;;;;;;
2477;mother;;;;;;;;
2478;mother;;;;;;;;
2479;sibling;;;;;;;;
2480;sibling;;;;;;;;
2481;sibling;;;;;;;;
2482;;;;;;;;;
2483;sibling;;;;;;;;
2484;sibling;;;;;;;;
2485;sibling;;;;;;;;
2486;sibling;;;;;;;;
2487;;;;;;;;;
2488;sibling;;;;;;;;
2489;sibling;;;;;;;;
2490;sibling;;;;;;;;
2491;sibling;;;;;;;;
2492;winner;;;;;;;;
2493;winner;;;;;;;;
2494;award_received;;;;;;;;
2495;sport;;;;;;;;
2496;;;;;;;;;
2497;sport;;;;;;;;
2498;winner;;;;;;;;
2499;sport;;;;;;;;
2500;sport;;;;;;;;
2501;sport;;;;;;;;
2502;sport;;;;;;;;
2503;award_received;;;;;;;;
2504;winner;;;;;;;;
2505;sport;;;;;;;;
2506;winner;;;;;;;;
2507;winner;;;;;;;;
2508;award_received;;;;;;;;
2509;winner;;;;;;;;
2510;sport;;;;;;;;
2511;sport;;;;;;;;
2512;sport;;;;;;;;
2513;sport;;;;;;;;
2514;winner;;;;;;;;
2515;sport;;;;;;;;
2516;winner;;;;;;;;
2517;winner;;;;;;;;
2518;sport;;;;;;;;
2519;award_received;;;;;;;;
2520;winner;;;;;;;;
2521;;;;;;;;;
2522;position_held;;;;;;;;
2523;occupation;;;;;;;;
2524;participant;;;;;;;;
2525;occupation;;;;;;;;
2526;position_held;;;;;;;;
2527;occupation;;;;;;;;
2528;occupation;;;;;;;;
2529;occupation;;;;;;;;
2530;occupation;;;;;;;;
2531;position_held;;;;;;;;
2532;occupation;;;;;;;;
2533;occupation;;;;;;;;
2534;occupation;;;;;;;;
2535;occupation;;;;;;;;
2536;occupation;;;;;;;;
2537;participant;;;;;;;;
2538;position_held;;;;;;;;
2539;occupation;;;;;;;;
2540;position_held;;;;;;;;
2541;occupation;;;;;;;;
2542;occupation;;;;;;;;
2543;position_held;;;;;;;;
2544;position_held;;;;;;;;
2545;occupation;;;;;;;;
2546;occupation;;;;;;;;
2547;position_held;;;;;;;;
2548;position_held;;;;;;;;
2549;position_held;;;;;;;;
2550;position_held;;;;;;;;
2551;position_held;;;;;;;;
2552;occupation;;;;;;;;
2553;position_held;;;;;;;;
2554;position_held;;;;;;;;
2555;position_held;;;;;;;;
2556;occupation;;;;;;;;
2557;occupation;;;;;;;;
2558;occupation;;;;;;;;
2559;occupation;;;;;;;;
2560;;;;;;;;;
2561;occupation;;;;;;;;
2562;participant;;;;;;;;
2563;tributary;;;;;;;;
2564;tributary;;;;;;;;
2565;tributary;;;;;;;;
2566;tributary;;;;;;;;
2567;tributary;;;;;;;;
2568;tributary;;;;;;;;
2569;tributary;;;;;;;;
2570;tributary;;;;;;;;
2571;tributary;;;;;;;;
2572;tributary;;;;;;;;
2573;tributary;;;;;;;;
2574;capital;;;;;;;;
2575;tributary;;;;;;;;
2576;tributary;;;;;;;;
2577;tributary;;;;;;;;
2578;tributary;;;;;;;;
2579;tributary;;;;;;;;
2580;tributary;;;;;;;;
2581;tributary;;;;;;;;
2582;tributary;;;;;;;;
2583;tributary;;;;;;;;
2584;tributary;;;;;;;;
2585;tributary;;;;;;;;
2586;tributary;;;;;;;;
2587;tributary;;;;;;;;
2588;tributary;;;;;;;;
2589;tributary;;;;;;;;
2590;place_of_birth;;;;;;;;
2591;place_of_birth;;;;;;;;
2592;place_of_birth;;;;;;;;
2593;;;;;;;;;
2594;;;;;;;;;
2595;place_of_birth;;;;;;;;
2596;place_of_birth;;;;;;;;
2597;place_of_birth;;;;;;;;
2598;place_of_birth;;;;;;;;
2599;place_of_birth;;;;;;;;
2600;spouse;;;;;;;;
2601;sibling;;;;;;;;
2602;spouse;;;;;;;;
2603;spouse;;;;;;;;
2604;spouse;;;;;;;;
2605;spouse;;;;;;;;
2606;student_of;;;;;;;;
2607;mother;;;;;;;;
2608;spouse;;;;;;;;
2609;mother;;;;;;;;
2610;spouse;;;;;;;;
2611;mother;;;;;;;;
2612;spouse;;;;;;;;
2613;spouse;;;;;;;;
2614;spouse;;;;;;;;
2615;spouse;;;;;;;;
2616;mother;;;;;;;;
2617;spouse;;;;;;;;
2618;spouse;;;;;;;;
2619;father;;;;;;;;
2620;spouse;;;;;;;;
2621;spouse;;;;;;;;
2622;mother;;;;;;;;
2623;spouse;;;;;;;;
2624;position_held;;;;;;;;
2625;spouse;;;;;;;;
2626;spouse;;;;;;;;
2627;spouse;;;;;;;;
2628;spouse;;;;;;;;
2629;student_of;;;;;;;;
2630;sibling;;;;;;;;
2631;sibling;;;;;;;;
2632;position_held;;;;;;;;
2633;spouse;;;;;;;;
2634;spouse;;;;;;;;
2635;spouse;;;;;;;;
2636;;;;;;;;;
2637;original_language_of_film_or_TV_show;;;;;;;;
2638;original_language_of_film_or_TV_show;;;;;;;;
2639;original_language_of_film_or_TV_show;;;;;;;;
2640;original_language_of_film_or_TV_show;;;;;;;;
2641;original_language_of_film_or_TV_show;;;;;;;;
2642;original_language_of_film_or_TV_show;;;;;;;;
2643;original_language_of_film_or_TV_show;;;;;;;;
2644;original_language_of_film_or_TV_show;;;;;;;;
2645;original_language_of_film_or_TV_show;;;;;;;;
2646;original_language_of_film_or_TV_show;;;;;;;;
2647;;;;;;;;;
2648;original_language_of_film_or_TV_show;;;;;;;;
2649;original_language_of_film_or_TV_show;;;;;;;;
2650;original_language_of_film_or_TV_show;;;;;;;;
2651;original_language_of_film_or_TV_show;;;;;;;;
2652;original_language_of_film_or_TV_show;;;;;;;;
2653;original_language_of_film_or_TV_show;;;;;;;;
2654;original_language_of_film_or_TV_show;;;;;;;;
2655;original_language_of_film_or_TV_show;;;;;;;;
2656;original_language_of_film_or_TV_show;;;;;;;;
2657;;;;;;;;;
2658;original_language_of_film_or_TV_show;;;;;;;;
2659;original_language_of_film_or_TV_show;;;;;;;;
2660;original_language_of_film_or_TV_show;;;;;;;;
2661;original_language_of_film_or_TV_show;;;;;;;;
2662;original_language_of_film_or_TV_show;;;;;;;;
2663;original_language_of_film_or_TV_show;;;;;;;;
2664;original_language_of_film_or_TV_show;;;;;;;;
2665;original_language_of_film_or_TV_show;;;;;;;;
2666;original_language_of_film_or_TV_show;;;;;;;;
2667;original_language_of_film_or_TV_show;;;;;;;;
2668;original_language_of_film_or_TV_show;;;;;;;;
2669;;;;;;;;;
2670;original_language_of_film_or_TV_show;;;;;;;;
2671;original_language_of_film_or_TV_show;;;;;;;;
2672;original_language_of_film_or_TV_show;;;;;;;;
2673;position_held;;;;;;;;
2674;position_held;;;;;;;;
2675;position_held;;;;;;;;
2676;position_held;;;;;;;;
2677;position_held;;;;;;;;
2678;position_held;;;;;;;;
2679;position_held;;;;;;;;
2680;position_held;;;;;;;;
2681;position_held;;;;;;;;
2682;position_held;;;;;;;;
2683;position_held;;;;;;;;
2684;;;;;;;;;
2685;position_held;;;;;;;;
2686;position_held;;;;;;;;
2687;position_held;;;;;;;;
2688;position_held;;;;;;;;
2689;position_held;;;;;;;;
2690;position_held;;;;;;;;
2691;;;;;;;;;
2692;position_held;;;;;;;;
2693;position_held;;;;;;;;
2694;position_held;;;;;;;;
2695;position_held;;;;;;;;
2696;position_held;;;;;;;;
2697;position_held;;;;;;;;
2698;position_held;;;;;;;;
2699;position_held;;;;;;;;
2700;position_held;;;;;;;;
2701;position_held;;;;;;;;
2702;position_held;;;;;;;;
2703;position_held;;;;;;;;
2704;position_held;;;;;;;;
2705;position_held;;;;;;;;
2706;position_held;;;;;;;;
2707;position_held;;;;;;;;
2708;;;;;;;;;
2709;position_held;;;;;;;;
2710;;;;;;;;;
2711;position_held;;;;;;;;
2712;place_of_death;;;;;;;;
2713;place_of_death;;;;;;;;
2714;participant;;;;;;;;
2715;place_of_death;;;;;;;;
2716;;;;;;;;;
2717;place_of_death;;;;;;;;
2718;parent_organization;;;;;;;;
2719;parent_organization;;;;;;;;
2720;employer;;;;;;;;
2721;parent_organization;;;;;;;;
2722;parent_organization;;;;;;;;
2723;parent_organization;;;;;;;;
2724;parent_organization;;;;;;;;
2725;parent_organization;;;;;;;;
2726;parent_organization;;;;;;;;
2727;employer;;;;;;;;
2728;parent_organization;;;;;;;;
2729;employer;;;;;;;;
2730;parent_organization;;;;;;;;
2731;parent_organization;;;;;;;;
2732;parent_organization;;;;;;;;
2733;parent_organization;;;;;;;;
2734;parent_organization;;;;;;;;
2735;parent_organization;;;;;;;;
2736;parent_organization;;;;;;;;
2737;parent_organization;;;;;;;;
2738;parent_organization;;;;;;;;
2739;parent_organization;;;;;;;;
2740;parent_organization;;;;;;;;
2741;parent_organization;;;;;;;;
2742;employer;;;;;;;;
2743;parent_organization;;;;;;;;
2744;parent_organization;;;;;;;;
2745;parent_organization;;;;;;;;
2746;subsidiary;;;;;;;;
2747;parent_organization;;;;;;;;
2748;parent_organization;;;;;;;;
2749;parent_organization;;;;;;;;
2750;founded_by;;;;;;;;
2751;subsidiary;;;;;;;;
2752;parent_organization;;;;;;;;
2753;parent_organization;;;;;;;;
2754;parent_organization;;;;;;;;
2755;parent_organization;;;;;;;;
2756;parent_organization;;;;;;;;
2757;parent_organization;;;;;;;;
2758;parent_organization;;;;;;;;
2759;parent_organization;;;;;;;;
2760;parent_organization;;;;;;;;
2761;mother;;;;;;;;
2762;mother;;;;;;;;
2763;;;;;;;;;
2764;mother;;;;;;;;
2765;mother;;;;;;;;
2766;father;;;;;;;;
2767;mother;;;;;;;;
2768;mother;;;;;;;;
2769;mother;;;;;;;;
2770;mother;;;;;;;;
2771;mother;;;;;;;;
2772;mother;;;;;;;;
2773;mother;;;;;;;;
2774;mother;;;;;;;;
2775;spouse;;;;;;;;
2776;;;;;;;;;
2777;sibling;;;;;;;;
2778;mother;;;;;;;;
2779;;;;;;;;;
2780;mother;;;;;;;;
2781;sibling;;;;;;;;
2782;mother;;;;;;;;
2783;mother;;;;;;;;
2784;mother;;;;;;;;
2785;mother;;;;;;;;
2786;child;;;;;;;;
2787;child;;;;;;;;
2788;;;;;;;;;
2789;mother;;;;;;;;
2790;;;;;;;;;
2791;capital;;;;;;;;
2792;capital_of;;;;;;;;
2793;capital_of;;;;;;;;
2794;capital;;;;;;;;
2795;;;;;;;;;
2796;capital;;;;;;;;
2797;;;;;;;;;
2798;;;;;;;;;
2799;capital;;;;;;;;
2800;capital;;;;;;;;
2801;capital;;;;;;;;
2802;capital;;;;;;;;
2803;capital;;;;;;;;
2804;capital;;;;;;;;
2805;capital_of;;;;;;;;
2806;;;;;;;;;
2807;capital;;;;;;;;
2808;capital;;;;;;;;
2809;capital;;;;;;;;